word,On Time (Early),Overdue (Late),log_ratio
attempt,1.2823999451663472e-5,7.140177415255775e-4,5.799041747973549
swap,8.401930675227791e-6,4.296208444772543e-4,5.676199299800377
registered,1.989930949396056e-5,5.309750577870291e-4,4.737853817714166
towed,1.4592826962237744e-5,2.480909101910905e-4,4.08753757899891
persists,2.387917139275267e-5,3.85751110358098e-4,4.0138456284346695
wl,7.959723797584223e-6,1.1345620892885237e-4,3.8332733827928487
actively,0.0022954959018477612,0.025721278938897023,3.486084618040921
patrols,0.0022738277648432265,0.02519181663056238,3.469760277388363
responds,0.0022738277648432265,0.025190303881109995,3.4696736420458425
encourage,0.0022831141092737417,0.025185765632752842,3.463533716870946
assistance,0.002301244591257128,0.025193329380014763,3.4525555556445138
cases,0.0023114153494429297,0.02523719911413392,3.448703372305241
transportation,0.0023180484526075834,0.025276530599895923,3.4468158285502435
many,0.0023560782440849304,0.025203918626181456,3.4191887006630917
possible,0.002366249002270732,0.025273505100991155,3.4169519581560857
directly,0.0023865905186423366,0.025222071619610074,3.4016638154616334
streets,0.002470167618516971,0.025308298338396002,3.3569296603850454
parking,0.0026218445775487145,0.025273505100991155,3.2689716903676453
related,0.001961187502349224,0.01877473345354649,3.258993047507147
reporting,0.0026713717478447944,0.025250813859205384,3.2406772277661164
need,0.002746546917044201,0.02536275731868185,3.207020755391293
nd,4.1125239620851824e-5,3.615471191199429e-4,3.136087690611997
agent,1.813048198338629e-5,1.5581319359562391e-4,3.1033282163044147
call,0.0033015165484868787,0.02574245743123041,2.9629490005225434
according,1.945710261631699e-5,1.4371119797654632e-4,2.8848036834329305
outreach,1.326620632930704e-5,9.681596495262068e-5,2.8674890981307617
improved,3.626096396677258e-5,2.632184047149375e-4,2.859771184969925
july,7.517516919940656e-6,5.2946230833464435e-5,2.816199869433907
communication,3.979861898792112e-5,2.617056552625528e-4,2.71715482504633
patched,7.252192793354515e-5,4.6743958078687177e-4,2.688290717025571
feedback,1.4592826962237744e-5,9.076496714308189e-5,2.6368761699893453
ad,2.4763585148039807e-5,1.5127494523846981e-4,2.6108809614564006
since,5.306482531722816e-5,3.0254989047693963e-4,2.511345287905486
consider,3.4049929578554735e-5,1.800171848337791e-4,2.4024109163523226
sr,3.051227455740619e-5,1.588386925003933e-4,2.3801007546272337
bwsc,6.854206603475303e-5,3.524706224056347e-4,2.362441433119323
ht,7.075310042297087e-5,3.615471191199429e-4,2.3533184068326665
city,0.0054767321796155895,0.025855913640159264,2.2391070472866663
much,6.146675599245596e-5,2.8137139814355387e-4,2.1945974321238038
respond,4.2009653376138956e-5,1.8304268373854849e-4,2.1233873226829267
sinkhole,1.4150620084594176e-5,5.899722864300323e-5,2.0597819126015287
alert,1.0612965063445632e-5,4.386973411915625e-5,2.047398188145696
relations,8.313489299699079e-5,3.403686267865571e-4,2.0335720332786797
extenet,1.1939585696376336e-5,4.6895233023925646e-5,1.9736885019626869
engineers,1.2823999451663472e-5,4.9920731928695044e-5,1.9607928179701615
rules,2.8743447046831918e-5,1.0891796057169827e-4,1.9219368821531382
x,1.2381792574019904e-5,4.6895233023925646e-5,1.9212210820685514
excluding,2.21103438821784e-5,8.32012198811584e-5,1.911883217489215
speak,4.598951527493107e-5,1.6942793866708621e-4,1.8812948976557922
holidays,2.2994757637465535e-5,8.471396933354311e-5,1.8812948976557922
approval,2.432137827039624e-5,8.925221769069719e-5,1.8756630295764618
enforcement,0.007236273345759346,0.02563959046846825,1.8250544074997692
initial,1.3708413206950608e-5,4.840798247631034e-5,1.8201833833524048
prior,2.8743447046831918e-5,1.0135421330977478e-4,1.818101071168598
operations,6.809985915710947e-5,2.3750166402439763e-4,1.802213901936006
review,2.2994757637465535e-5,8.017572097638901e-5,1.8018604301613872
sites,2.5647998903326944e-5,8.77394682383125e-5,1.7743796937392802
boston,0.014433190279408415,0.04904938824412146,1.7648449178200771
head,2.653241265861408e-5,8.77394682383125e-5,1.7254700932583338
pavement,1.768827510574272e-5,5.7484479190618535e-5,1.7003791122955034
problem,9.507447869336712e-5,3.0860088828647846e-4,1.6986121861213155
dispatched,2.6974619536257646e-5,8.32012198811584e-5,1.6250020697010534
efforts,1.326620632930704e-5,4.084423521438685e-5,1.6223766002942301
marking,1.3708413206950608e-5,4.084423521438685e-5,1.5750708855158735
timings,3.051227455740619e-5,9.076496714308189e-5,1.5727458325696295
delv,0.0017029386858053803,0.00496181820382181,1.5428423854477404
special,3.272330894562403e-5,9.530321550023599e-5,1.5422062516102468
filled,3.259064688233096e-4,9.363919110261282e-4,1.5226544838584752
timing,1.8572688861029855e-5,5.2946230833464435e-5,1.5113452879054863
thank,0.009543266626425842,0.027075189698781327,1.5044163606308694
cart,0.001958976467961006,0.005530611997918457,1.4973390653549692
ran,3.272330894562403e-5,9.22777165954666e-5,1.4956636656732167
adjusted,3.979861898792112e-5,1.1194345947646767e-4,1.491979963038555
reviewed,4.9527170296079615e-5,1.3766020016700754e-4,1.4748194118803724
natlgrid,2.7859033291544782e-5,7.715022207161962e-5,1.4695251122108595
dcr,3.0158509055291336e-4,8.335249482639687e-4,1.4666602732862652
external,2.0695281873718983e-4,5.703065435490312e-4,1.4624356874245399
mass,4.820054966314891e-5,1.3160920235746876e-4,1.4491388648110821
fixtures,1.2823999451663472e-5,3.479323740484806e-5,1.439960654668721
response,3.758758459970328e-5,1.0135421330977478e-4,1.431077948059351
restaurant,1.6361654472812016e-5,4.386973411915625e-5,1.4229073232379024
whatever,1.5035033839881312e-5,3.9331485762002156e-5,1.387356570630033
repaired,3.665895015665179e-4,9.530321550023599e-4,1.3783594206308087
taken,9.197903054986214e-5,2.3750166402439763e-4,1.3685607244898153
traffic,2.127015081465562e-4,5.476153017632607e-4,1.3643324970524435
washed,2.0783723249247697e-5,5.2946230833464435e-5,1.349073859006609
june,1.3708413206950608e-5,3.479323740484806e-5,1.3437453394094179
hot,6.63310316465352e-5,1.679151892147015e-4,1.3399768695935053
users,1.326620632930704e-5,3.328048795246336e-5,1.3269207167680588
agency,2.4365598958160596e-4,6.096380293110334e-4,1.32310721369609
support,1.4592826962237744e-5,3.630598685723276e-5,1.3149480751019829
nagle,3.051227455740619e-5,7.563747261923491e-5,1.3097114267358358
permitted,4.0240825865564684e-5,9.832871440500538e-5,1.2889528665690384
b,1.326620632930704e-5,3.1767738500078665e-5,1.259806520909522
overhead,4.9527170296079615e-5,1.1799445728600646e-4,1.2524269905439243
reallocated,2.2994757637465535e-5,5.445898028584914e-5,1.2438649770405004
ref,1.989930949396056e-5,4.6895233023925646e-5,1.2367229077964805
everything,5.085379092901032e-5,1.1799445728600646e-4,1.2142918616571532
happening,1.9014895738673424e-5,4.386973411915625e-5,1.2060959341647544
staff,1.5433020029760524e-4,3.5549612131040406e-4,1.2038134140946275
turn,2.255255075982197e-5,5.143348138107974e-5,1.189417193018124
thru,4.0683032743208254e-5,9.22777165954666e-5,1.1815550752451538
light,2.7814812603780425e-4,6.308165216444191e-4,1.1813670603046547
states,6.76576522794659e-5,1.5127494523846981e-4,1.1608480408213528
engineering,4.0683032743208254e-5,8.925221769069719e-5,1.1334607870441085
pullbox,1.7246068228099152e-5,3.7818736309617454e-5,1.1328336646517565
acorn,4.156744649849539e-5,9.076496714308189e-5,1.126681437670161
forwarded,2.1668137004534833e-5,4.6895233023925646e-5,1.113866160010947
ngrid,1.547724071752488e-5,3.328048795246336e-5,1.104528295431611
sequence,1.4150620084594176e-5,3.0254989047693966e-5,1.0963077886266426
taps,2.1225930126891263e-5,4.5382483571540944e-5,1.0963077886266424
operator,3.139668831269333e-5,6.656097590492672e-5,1.0840641928718953
discussed,1.7246068228099152e-5,3.630598685723276e-5,1.073939975598188
guest,1.7246068228099152e-5,3.630598685723276e-5,1.073939975598188
consistent,2.1668137004534833e-5,4.5382483571540944e-5,1.0665604452325903
included,1.5919447595168446e-5,3.328048795246336e-5,1.0638863109342651
concurrent,2.4763585148039807e-5,5.143348138107974e-5,1.0544876129320153
national,5.173820468429746e-5,1.0740521111931358e-4,1.0537620936605578
cross,1.4592826962237744e-5,3.0254989047693966e-5,1.0519136692681892
massdot,1.9014895738673424e-5,3.9331485762002156e-5,1.0485546571782745
photocell,4.643172215257464e-5,9.530321550023599e-5,1.037414099573074
connections,2.21103438821784e-5,4.5382483571540944e-5,1.037414099573074
scooter,1.989930949396056e-5,4.084423521438685e-5,1.0374140995730738
grid,6.102454911481238e-5,1.2404545509554524e-4,1.0234072415791946
pothole,2.3304302451816034e-4,4.7349057859641055e-4,1.0227393890346839
comments,1.5035033839881312e-5,3.0254989047693966e-5,1.008844947376303
asphalt,1.4283282147887247e-4,2.843968970483233e-4,0.9935781907229926
th,1.0524523687916918e-4,2.0875942442908835e-4,0.9880863872095056
potholes,2.1358592190184333e-4,4.235698466677155e-4,0.9877833318484734
resubmit,3.0600715932934904e-4,6.06612530406264e-4,0.9872098925574759
priority,3.228110206798046e-5,6.353547700015733e-5,0.9768725576380234
customer,1.8572688861029855e-5,3.630598685723276e-5,0.9670247716816761
findings,2.4763585148039807e-5,4.840798247631034e-5,0.967024771681676
good,6.279337662538666e-5,1.2253270564316056e-4,0.9644825771192228
guidelines,1.6361654472812016e-5,3.1767738500078665e-5,0.9572437508890907
feed,6.323558350303022e-5,1.2101995619077586e-4,0.9364364518482532
signals,3.4049929578554735e-5,6.504822645254203e-5,0.9338579077464768
power,9.374785806043642e-5,1.7850443538139439e-4,0.9291022885379221
mbta,6.677323852417877e-5,1.2404545509554524e-4,0.8935269590322849
requires,4.643172215257464e-5,8.62267187859278e-5,0.8930241902378993
hickey,5.483365282780243e-5,1.0135421330977478e-4,0.8862725738101774
happy,3.051227455740619e-5,5.597172973823383e-5,0.8753086025900608
phase,4.2451860253782526e-5,7.715022207161962e-5,0.8618425349896196
jp,1.5035033839881312e-5,2.722949014292457e-5,0.8568418539312531
broken,2.555955752779823e-4,4.6290133242971764e-4,0.856841853931253
fill,1.5919447595168446e-5,2.8742239595309267e-5,0.8523822057405533
quickly,4.1125239620851824e-5,7.412472316685021e-5,0.849930726746457
knocker,2.1225930126891263e-5,3.7818736309617454e-5,0.8332733827928486
hole,2.9185653924475488e-5,5.143348138107974e-5,0.8174484156311661
report,2.073950256148334e-4,3.6305986857232755e-4,0.8078261768324221
signal,1.0657185751209988e-4,1.845554331909332e-4,0.7922276950722049
bill,6.014013535952525e-5,1.0286696276215948e-4,0.7743796937392802
chemicals,2.5647998903326944e-5,4.386973411915625e-5,0.7743796937392802
follows,2.4763585148039807e-5,4.2356984666771553e-5,0.7743796937392802
daily,1.5035033839881312e-5,2.571674069053987e-5,0.7743796937392802
walk,1.0259199561330777e-4,1.724534375718556e-4,0.7492887127764498
remains,1.547724071752488e-5,2.571674069053987e-5,0.732559518044653
see,4.6741266966925137e-4,7.730149701685808e-4,0.7257995132942185
now,1.618477172175459e-4,2.662439036197069e-4,0.718111474092535
ep,2.5205792025683374e-5,4.084423521438685e-5,0.6963771817380071
poles,1.6803861350455583e-5,2.722949014292457e-5,0.6963771817380071
electrical,2.432137827039624e-5,3.9331485762002156e-5,0.6934596983557126
washing,1.5035033839881312e-5,2.420399123815517e-5,0.6869168524889407
dp,2.4763585148039807e-5,3.9331485762002156e-5,0.6674644898227682
sending,5.925572160423811e-5,9.379046604785129e-5,0.6624868136683829
duty,1.7246068228099152e-5,2.722949014292457e-5,0.6589024763193442
fix,7.031089354532731e-5,1.1043071002408297e-4,0.651321297334942
however,3.183889519033689e-5,4.9920731928695044e-5,0.6488488116554214
basis,2.609020578097051e-5,4.084423521438685e-5,0.6466241465409074
safety,6.809985915710947e-5,1.0589246166692887e-4,0.6368761699893453
addressed,3.5199667460428013e-4,5.445898028584913e-4,0.6296081695253058
original,1.6803861350455583e-5,2.571674069053987e-5,0.6139150215460342
bridge,1.989930949396056e-5,3.0254989047693966e-5,0.6044546922969678
lights,2.073950256148334e-4,3.1313913664363254e-4,0.5944225387232289
updated,4.156744649849539e-5,6.202272754777262e-5,0.5773428466797261
new,0.0037282461854129217,0.005530611997918457,0.5689420049158822
re,1.0745627126738702e-4,1.588386925003933e-4,0.5638127077996219
frustrating,1.547724071752488e-5,2.2691241785770472e-5,0.5519872724028322
stating,1.547724071752488e-5,2.2691241785770472e-5,0.5519872724028322
failing,7.959723797584224e-5,1.1648170783362177e-4,0.5493131381045069
conducted,2.2287226633235826e-4,3.252411322627101e-4,0.5452926198288239
license,3.0070067679762624e-5,4.386973411915625e-5,0.5448978476165128
half,2.2994757637465535e-5,3.328048795246336e-5,0.5333715942354852
pass,3.3607722700911165e-5,4.840798247631034e-5,0.5264521802956948
tested,1.6803861350455583e-5,2.420399123815517e-5,0.5264521802956948
aware,1.0436082312388204e-4,1.4976219578608513e-4,0.5210932644570486
hall,1.9014895738673424e-5,2.722949014292457e-5,0.5180399404794946
submitting,2.1225930126891263e-5,3.0254989047693966e-5,0.5113452879054865
led,1.5344578654231808e-4,2.1783592114339655e-4,0.5055128426033318
fixed,3.626096396677258e-5,5.143348138107974e-5,0.5042905303715358
based,2.4763585148039807e-5,3.479323740484806e-5,0.49058672773868905
corrected,1.945710261631699e-5,2.722949014292457e-5,0.4848730765442953
fine,5.7486894093663836e-5,8.017572097638901e-5,0.4799323352740249
fixture,1.476970971329517e-4,2.0573392552431896e-4,0.4781382425155673
evaluate,1.6361654472812016e-5,2.2691241785770472e-5,0.4718169237188487
assured,2.0783723249247697e-5,2.8742239595309267e-5,0.46771835550522833
remade,2.5205792025683374e-5,3.479323740484806e-5,0.4650516356315516
let,5.5718066583089564e-5,7.563747261923491e-5,0.4409559600140883
current,5.8371307848950976e-5,7.866297152400431e-5,0.4304252925219189
driver,3.4934343333841874e-5,4.6895233023925646e-5,0.42479525594905226
abandoned,5.7486894093663836e-5,7.715022207161962e-5,0.4244372226823215
establishment,4.864275654079248e-5,6.504822645254203e-5,0.4192847349167185
detailed,2.609020578097051e-5,3.479323740484806e-5,0.415298600434452
employee,1.5919447595168446e-5,2.1178492333385777e-5,0.41180961435457214
afternoon,3.979861898792112e-5,5.2946230833464435e-5,0.4118096143545717
j,2.7416826413901216e-5,3.630598685723276e-5,0.4051458840735611
installed,1.8395806109972428e-4,2.4052716292916702e-4,0.3868229308825434
confirm,3.272330894562403e-5,4.2356984666771553e-5,0.3722812501679347
center,1.6361654472812016e-5,2.1178492333385777e-5,0.3722812501679347
director,1.6361654472812016e-5,2.1178492333385777e-5,0.3722812501679347
transfer,1.768827510574272e-5,2.2691241785770472e-5,0.3593421944604364
globe,5.350703219487173e-5,6.807372535731142e-5,0.34736955279436016
cover,4.2894067131426096e-5,5.445898028584914e-5,0.3443918529944648
patch,1.46370476500021e-4,1.845554331909332e-4,0.33442962449494884
used,3.3607722700911165e-5,4.2356984666771553e-5,0.333807102353299
considered,4.1125239620851824e-5,5.143348138107974e-5,0.3226837238815882
part,5.085379092901032e-5,6.353547700015733e-5,0.32120706557366546
replaced,4.7183473844568705e-4,5.884595369776476e-4,0.3186615779010472
building,2.5028909274625946e-4,3.1162638719124783e-4,0.31622197809061625
locate,5.8371307848950976e-5,7.261197371446552e-5,0.3149480751019829
outage,5.8371307848950976e-5,7.261197371446552e-5,0.3149480751019829
store,2.9185653924475488e-5,3.630598685723276e-5,0.3149480751019829
lighting,4.0240825865564684e-5,4.9920731928695044e-5,0.31097917289903737
project,5.262261843958459e-5,6.504822645254203e-5,0.30582668513343464
per,4.961561167160833e-4,6.081252798586487e-4,0.29357442430941594
notified,1.8395806109972428e-4,2.2539966840532004e-4,0.29310849606034967
notify,4.2009653376138956e-5,5.143348138107974e-5,0.2919869266586719
sanitary,2.3436964515109103e-4,2.85909646500708e-4,0.2867735685097914
along,1.0789847814503058e-4,1.3160920235746876e-4,0.2865858520251225
operational,3.847199835499041e-5,4.6895233023925646e-5,0.28563250827742726
floor,1.989930949396056e-5,2.420399123815517e-5,0.28252659740960523
pedestrian,2.197768181888533e-4,2.662439036197069e-4,0.2767092708142912
police,1.6052109658461517e-4,1.9363192990524137e-4,0.27055395574352936
slcb,4.643172215257464e-5,5.597172973823383e-5,0.26958754170210714
checked,8.313489299699079e-5,9.984146385739009e-5,0.2641849614200961
outside,8.71147548957829e-5,1.0437971221454417e-4,0.26085233106107303
wire,4.687392903021821e-5,5.597172973823383e-5,0.25591260480503053
link,2.0341516371604127e-5,2.420399123815517e-5,0.25081773768226717
matter,5.350703219487173e-5,6.353547700015733e-5,0.24783387924344588
break,2.1668137004534833e-5,2.571674069053987e-5,0.24713269087441114
noted,0.025540100425181914,0.03021111931357481,0.24231543869257546
promptly,2.432137827039624e-5,2.8742239595309267e-5,0.2409474936582061
done,3.608408121571515e-4,4.250825961201002e-4,0.23638067198871057
open,9.551668557101069e-5,1.1194345947646767e-4,0.22894555720476137
warning,1.6803861350455583e-5,1.9665742881001078e-5,0.2268918984367869
bench,2.0783723249247697e-5,2.420399123815517e-5,0.21979084206164276
future,5.085379092901032e-5,5.899722864300323e-5,0.21429186165715322
high,2.7416826413901216e-5,3.1767738500078665e-5,0.21250080613116532
expired,4.2009653376138956e-5,4.840798247631034e-5,0.20452408540833247
repairs,1.2558675325077332e-4,1.4371119797654632e-4,0.19448818256554587
burner,4.510510151964394e-5,5.143348138107974e-5,0.18941719301812399
throughout,3.4492136456198305e-5,3.9331485762002156e-5,0.18941719301812399
foods,2.5205792025683374e-5,2.8742239595309267e-5,0.18941719301812399
addressing,2.255255075982197e-5,2.571674069053987e-5,0.18941719301812399
giving,1.989930949396056e-5,2.2691241785770472e-5,0.1894171930181237
apologize,2.2685212823115038e-4,2.571674069053987e-4,0.18095561426992782
necessary,3.758758459970328e-5,4.2356984666771553e-5,0.17234367965918262
p,8.357709987463435e-5,9.379046604785129e-5,0.16633357990508288
explained,4.731613590786177e-5,5.2946230833464435e-5,0.16219572428309967
connection,2.1668137004534833e-5,2.420399123815517e-5,0.15966984962407177
red,3.4049929578554735e-5,3.7818736309617454e-5,0.15144934281910347
working,6.978024529215503e-4,7.730149701685808e-4,0.14767768466344305
contractor,4.4132246388828083e-4,4.8256707531071875e-4,0.1288963021668891
vehicle,0.004559152908505186,0.0049784584477980415,0.1269332926081583
fuse,2.0783723249247697e-5,2.2691241785770472e-5,0.12668143767016113
crosswalk,5.5718066583089564e-5,6.050997809538793e-5,0.11902786512672621
give,5.5718066583089564e-5,6.050997809538793e-5,0.11902786512672621
hours,1.0745627126738702e-4,1.1648170783362177e-4,0.11635373082840059
either,1.6803861350455583e-5,1.815299342861638e-5,0.111414681016851
d,6.588882476889163e-5,7.109922426208082e-5,0.10980002495475602
cold,2.387917139275267e-5,2.571674069053987e-5,0.10695503282615113
commission,2.255255075982197e-5,2.420399123815517e-5,0.10195435176778454
pictures,8.180827236406008e-5,8.77394682383125e-5,0.10097922835054013
take,8.799916865107003e-5,9.379046604785129e-5,0.09195138358250642
blue,2.6974619536257646e-5,2.8742239595309267e-5,0.09156986961997936
engineer,2.432137827039624e-5,2.571674069053987e-5,0.08048282146495984
tied,6.014013535952525e-5,6.353547700015733e-5,0.07923427526770101
concern,7.163751417825801e-5,7.563747261923491e-5,0.07838588062938007
w,4.731613590786177e-5,4.9920731928695044e-5,0.07730682669658667
wall,2.1668137004534833e-5,2.2691241785770472e-5,0.06656044523259035
full,2.772637122825171e-4,2.8893514540547736e-4,0.05948688897298983
gas,5.5275859705446e-5,5.7484479190618535e-5,0.0565229225207785
lamp,4.2451860253782526e-5,4.386973411915625e-5,0.04739818814569628
short,2.3436964515109105e-5,2.420399123815517e-5,0.04645923917608093
site,3.506700539713494e-4,3.600343696675582e-4,0.03802040134324547
received,5.7486894093663836e-5,5.899722864300323e-5,0.03741409957307407
appears,2.21103438821784e-5,2.2691241785770472e-5,0.03741409957307407
fence,7.959723797584224e-5,8.16884704287737e-5,0.037414099573073754
missing,6.677323852417877e-5,6.807372535731142e-5,0.027828050743875763
color,9.507447869336712e-5,9.681596495262068e-5,0.02618684414981973
manager,1.326620632930704e-4,1.3463470126223815e-4,0.021294434209797052
wires,6.721544540182233e-5,6.807372535731142e-5,0.01830527662536935
health,5.394923907251529e-5,5.445898028584914e-5,0.013567357618706448
operation,1.2470233949548617e-4,1.2555820454792995e-4,0.00986777268741135
observed,8.755696177342646e-5,8.77394682383125e-5,0.0030040687872426694
everyone,1.813048198338629e-5,1.815299342861638e-5,0.0017901898423525078
pendant,3.183889519033689e-5,3.1767738500078665e-5,-0.0032278849242716656
isd,1.202802707190505e-4,1.1950720673839116e-4,-0.009302399333956398
use,6.588882476889163e-5,6.504822645254203e-5,-0.01852407202078331
repair,2.3436964515109103e-4,2.2993791676247414e-4,-0.027541342267695727
across,3.714537772205971e-5,3.630598685723276e-5,-0.03297522831832387
vendors,2.1668137004534833e-5,2.1178492333385777e-5,-0.03297522831832387
visible,3.626096396677258e-5,3.479323740484806e-5,-0.05961035482179062
reinspection,2.21103438821784e-5,2.1178492333385777e-5,-0.06212157397784038
pole,2.2596771447586325e-4,2.1632317169101184e-4,-0.06292845041995183
ordered,1.9014895738673424e-5,1.815299342861638e-5,-0.06692256024166157
district,7.959723797584224e-5,7.563747261923491e-5,-0.07361721281567002
ongoing,5.262261843958459e-5,4.9920731928695044e-5,-0.07604395021020985
recent,4.156744649849539e-5,3.9331485762002156e-5,-0.07976943979726508
converted,2.0783723249247697e-5,1.9665742881001078e-5,-0.07976943979726508
covered,2.0783723249247697e-5,1.9665742881001078e-5,-0.07976943979726508
board,2.5647998903326944e-5,2.420399123815517e-5,-0.08360130138829205
locked,2.5647998903326944e-5,2.420399123815517e-5,-0.08360130138829205
free,4.9969377173723185e-5,4.6895233023925646e-5,-0.09160295828903241
case,0.11006484963860642,0.10314228316249349,-0.09371791613134493
notification,1.945710261631699e-5,1.815299342861638e-5,-0.10008942417686091
best,6.986868666768375e-5,6.504822645254203e-5,-0.103136299735725
action,3.581875708912901e-5,3.328048795246336e-5,-0.10603869050804732
c,5.7044687216020273e-5,5.2946230833464435e-5,-0.10756454473900758
mantles,1.8970675050909065e-4,1.75478936476625e-4,-0.11247314863269328
arm,3.272330894562403e-5,3.0254989047693966e-5,-0.11314557700230725
f,2.2994757637465535e-5,2.1178492333385777e-5,-0.11870510234420785
leak,1.813048198338629e-5,1.664024397623168e-5,-0.12374069224150638
graffiti,8.485949981980069e-4,7.745277196209655e-4,-0.1317593024561
capital,1.989930949396056e-5,1.815299342861638e-5,-0.1325109018692384
pedestrians,4.156744649849539e-5,3.7818736309617454e-5,-0.13635296816363265
blocked,2.8301240169188352e-5,2.571674069053987e-5,-0.13815746501038054
people,2.8301240169188352e-5,2.571674069053987e-5,-0.13815746501038054
walked,2.1668137004534833e-5,1.9665742881001078e-5,-0.13989043223483594
bad,1.3841075270243678e-4,1.2555820454792995e-4,-0.14059972184641353
went,8.534592738520863e-5,7.715022207161962e-5,-0.1456520015573047
blown,3.183889519033689e-5,2.8742239595309267e-5,-0.1476177942594466
food,1.3443089080364466e-4,1.2101995619077586e-4,-0.15161972481694283
photo,1.1939585696376336e-4,1.0740521111931358e-4,-0.15268878380686854
change,1.8572688861029855e-5,1.664024397623168e-5,-0.15850611040218285
grade,1.8572688861029855e-5,1.664024397623168e-5,-0.15850611040218285
unshoveled,1.419484077235853e-4,1.2707095400031466e-4,-0.15973237060426246
near,3.051227455740619e-5,2.722949014292457e-5,-0.16421976159657647
avenue,2.0341516371604127e-5,1.815299342861638e-5,-0.16421976159657647
work,6.283759731315101e-4,5.56691798477569e-4,-0.174749189446487
stated,9.24212374275057e-5,8.16884704287737e-5,-0.1780919361781339
ve,2.9185653924475488e-5,2.571674069053987e-5,-0.18255158436883387
first,7.561737607705012e-5,6.656097590492672e-5,-0.1840412025093204
post,4.643172215257464e-5,4.084423521438685e-5,-0.18497832176337403
concrete,4.820054966314891e-5,4.2356984666771553e-5,-0.18644970898004196
cable,3.272330894562403e-5,2.8742239595309267e-5,-0.18714615844608418
soon,5.173820468429746e-5,4.5382483571540944e-5,-0.189094430235606
know,9.861213371451567e-5,8.62267187859278e-5,-0.19363019201628287
weekly,2.0783723249247697e-5,1.815299342861638e-5,-0.19524665721720108
close,8.490372050756505e-5,7.412472316685021e-5,-0.19587296286666783
asked,2.255255075982197e-5,1.9665742881001078e-5,-0.19760593009112326
ago,2.609020578097051e-5,2.2691241785770472e-5,-0.20137276001404253
construction,4.298250850695481e-4,3.7364911473902046e-4,-0.20206557828182306
investigation,5.5718066583089564e-5,4.840798247631034e-5,-0.20290022976063635
design,7.031089354532731e-5,6.050997809538793e-5,-0.21657516665771284
r,3.183889519033689e-5,2.722949014292457e-5,-0.22562030626071963
feet,1.768827510574272e-5,1.5127494523846983e-5,-0.22562030626071963
dog,4.598951527493107e-5,3.9331485762002156e-5,-0.22562030626071983
bike,4.2451860253782526e-5,3.630598685723276e-5,-0.22562030626071983
parts,2.1225930126891263e-5,1.815299342861638e-5,-0.22562030626071983
st,6.659635577312134e-4,5.687937940966466e-4,-0.22753750925501057
bpd,6.986868666768375e-5,5.899722864300323e-5,-0.24399883557557467
receive,9.861213371451567e-5,8.32012198811584e-5,-0.24516049265636505
locations,2.8743447046831918e-5,2.420399123815517e-5,-0.24798811928917427
faulty,2.5205792025683374e-5,2.1178492333385777e-5,-0.2511553983678573
btd,5.226885293746974e-4,4.386973411915625e-4,-0.25272553642331774
dogs,2.1668137004534833e-5,1.815299342861638e-5,-0.2553676496547719
revisit,2.1668137004534833e-5,1.815299342861638e-5,-0.2553676496547719
foundation,1.989930949396056e-5,1.664024397623168e-5,-0.2580417839530974
library,1.813048198338629e-5,1.5127494523846983e-5,-0.26124421599144126
investigate,7.075310042297087e-5,5.899722864300323e-5,-0.26214618228583386
install,9.286344430514928e-5,7.715022207161962e-5,-0.26744048195534675
pulled,3.095448143504976e-5,2.571674069053987e-5,-0.267440481955347
hill,4.2009653376138956e-5,3.479323740484806e-5,-0.27191395853465467
coming,5.483365282780243e-5,4.5382483571540944e-5,-0.27292602103907665
field,5.129599780665389e-5,4.2356984666771553e-5,-0.2762463793306878
performed,5.5275859705446e-5,4.5382483571540944e-5,-0.28451399531428856
ac,4.0683032743208254e-5,3.328048795246336e-5,-0.2897506436804355
storm,2.0341516371604127e-5,1.664024397623168e-5,-0.2897506436804355
well,9.065240991693144e-5,7.412472316685021e-5,-0.29039056165095767
forward,5.925572160423811e-5,4.840798247631034e-5,-0.2917094967184922
section,2.609020578097051e-5,2.1178492333385777e-5,-0.3009084335649567
drain,2.432137827039624e-5,1.9665742881001078e-5,-0.3065403016442873
getting,2.432137827039624e-5,1.9665742881001078e-5,-0.3065403016442873
jurisdiction,3.935641211027755e-5,3.1767738500078665e-5,-0.3090363144483571
weeks,5.085379092901032e-5,4.084423521438685e-5,-0.3162228550416265
community,4.8686977228556836e-4,3.9028935871525215e-4,-0.31899180440183456
complete,1.1762702945318909e-4,9.379046604785129e-5,-0.3267064313750342
charge,1.9014895738673424e-5,1.5127494523846983e-5,-0.3299569660754555
department,6.496019032584014e-4,5.143348138107974e-4,-0.33684805067929813
plate,1.437172352341596e-4,1.1345620892885237e-4,-0.34109752368065566
issues,1.7290288915863507e-4,1.3614745071462283e-4,-0.3447920072383975
details,1.4990813152116955e-4,1.1799445728600646e-4,-0.3453595505348155
safe,2.9495198738825986e-4,2.3145066621485882e-4,-0.3497754147526532
comes,2.1225930126891263e-5,1.664024397623168e-5,-0.3511511883445788
fire,4.2894067131426096e-5,3.328048795246336e-5,-0.3661015298105503
additional,1.8440026797736784e-4,1.4219844852416164e-4,-0.3749350280277459
confirmed,2.1668137004534833e-5,1.664024397623168e-5,-0.3808985317386309
complaint,5.023470130030933e-4,3.85751110358098e-4,-0.38101398890654414
sign,2.0916385312540767e-4,1.6035144195277801e-4,-0.38339622503691584
illness,5.925572160423811e-5,4.5382483571540944e-5,-0.38481890110997374
office,8.71147548957829e-5,6.656097590492672e-5,-0.3882405070797988
location,0.007663887396440677,0.005852827631276397,-0.38894257287878525
dot,1.989930949396056e-5,1.5127494523846983e-5,-0.3955453077030322
feeney,1.989930949396056e-5,1.5127494523846983e-5,-0.3955453077030322
instructed,1.989930949396056e-5,1.5127494523846983e-5,-0.3955453077030322
note,8.97679961616443e-5,6.807372535731142e-5,-0.3991031271162213
washer,1.547724071752488e-4,1.1648170783362177e-4,-0.4100448773981473
restored,5.439144595015886e-5,4.084423521438685e-5,-0.4132473094364912
card,1.813048198338629e-5,1.3614745071462284e-5,-0.4132473094364912
hump,3.6703170844416147e-5,2.722949014292457e-5,-0.4307347361653324
period,3.095448143504976e-5,2.2691241785770472e-5,-0.44801272759716787
try,3.095448143504976e-5,2.2691241785770472e-5,-0.44801272759716787
reached,5.173820468429746e-5,3.7818736309617454e-5,-0.45212883606939985
visual,4.55473083972875e-5,3.328048795246336e-5,-0.4526892148066408
right,6.014013535952525e-5,4.386973411915625e-5,-0.4551021523834872
times,6.058234223716882e-5,4.386973411915625e-5,-0.4656713940936746
gate,4.598951527493107e-5,3.328048795246336e-5,-0.46662840576451486
months,2.2994757637465535e-5,1.664024397623168e-5,-0.46662840576451486
description,7.119530730061445e-5,5.143348138107974e-5,-0.46907434312499746
waiting,5.041158405136675e-5,3.630598685723276e-5,-0.4735478197043052
advised,3.3607722700911165e-5,2.420399123815517e-5,-0.4735478197043052
following,1.326620632930704e-4,9.530321550023599e-5,-0.47715907325668433
status,5.085379092901032e-5,3.630598685723276e-5,-0.4861478564839389
closing,2.1225930126891263e-5,1.5127494523846983e-5,-0.48865471209451355
month,2.1225930126891263e-5,1.5127494523846983e-5,-0.48865471209451355
met,7.650178983233726e-5,5.445898028584914e-5,-0.490323532455132
old,4.687392903021821e-5,3.328048795246336e-5,-0.4941091421866219
mary,2.3436964515109105e-5,1.664024397623168e-5,-0.4941091421866219
pull,3.847199835499041e-5,2.722949014292457e-5,-0.49863880066713556
run,2.5647998903326944e-5,1.815299342861638e-5,-0.4986388006671358
season,6.854206603475303e-5,4.840798247631034e-5,-0.5017447115349574
help,8.799916865107003e-5,6.202272754777262e-5,-0.5046929221862851
reports,6.014013535952525e-5,4.2356984666771553e-5,-0.505728225453455
last,6.235116974774308e-5,4.386973411915625e-5,-0.5071906635319412
like,6.942647979004017e-5,4.840798247631034e-5,-0.5202410551523469
environmental,2.609020578097051e-5,1.815299342861638e-5,-0.5233008549014048
talked,3.272330894562403e-5,2.2691241785770472e-5,-0.5281830762811512
add,3.714537772205971e-5,2.571674069053987e-5,-0.5304748877891406
ma,3.714537772205971e-5,2.571674069053987e-5,-0.5304748877891406
follow,2.648819197084972e-4,1.8304268373854849e-4,-0.5331692617749109
roadway,1.0745627126738702e-4,7.412472316685021e-5,-0.5357229657512926
eye,6.367779038067379e-5,4.386973411915625e-5,-0.5375643125754599
temporary,4.2009653376138956e-5,2.8742239595309267e-5,-0.547548401148082
l,3.537655021148544e-5,2.420399123815517e-5,-0.547548401148082
trimmed,2.21103438821784e-5,1.5127494523846983e-5,-0.547548401148082
regarding,1.326620632930704e-4,9.076496714308189e-5,-0.5475484011480825
reference,4.2451860253782526e-5,2.8742239595309267e-5,-0.5626552935382906
green,4.0240825865564684e-5,2.722949014292457e-5,-0.5634899450171037
required,4.0240825865564684e-5,2.722949014292457e-5,-0.5634899450171037
casting,3.3607722700911165e-5,2.2691241785770472e-5,-0.5666572240957868
closed,0.16095755477284937,0.10864264017136425,-0.567089848686383
utility,5.8371307848950976e-5,3.9331485762002156e-5,-0.5695747074780811
sand,2.255255075982197e-5,1.5127494523846983e-5,-0.576117553344853
timely,2.255255075982197e-5,1.5127494523846983e-5,-0.576117553344853
took,4.9969377173723185e-5,3.328048795246336e-5,-0.5863676500386105
neighborhood,4.55473083972875e-5,3.0254989047693966e-5,-0.5901927385565757
overflowing,2.5205792025683374e-5,1.664024397623168e-5,-0.5990787017881641
reach,1.353153045589318e-4,8.925221769069719e-5,-0.6003650995915304
ramp,3.6703170844416147e-5,2.420399123815517e-5,-0.6006597376076448
revised,3.4492136456198305e-5,2.2691241785770472e-5,-0.6041319295144498
currently,1.202802707190505e-4,7.866297152400431e-5,-0.612643429369967
assist,3.0070067679762624e-5,1.9665742881001078e-5,-0.612643429369967
without,4.864275654079248e-5,3.1767738500078665e-5,-0.6146625970066192
neighborhoods,3.4934343333841874e-5,2.2691241785770472e-5,-0.6225104588293046
recently,6.544661789124806e-5,4.2356984666771553e-5,-0.6277187498320653
date,0.07873316573692671,0.05094788880686425,-0.627949123070991
send,9.374785806043642e-5,6.050997809538793e-5,-0.6316126659365566
understand,6.588882476889163e-5,4.2356984666771553e-5,-0.637433904665277
slow,4.2451860253782526e-5,2.722949014292457e-5,-0.6406578055395636
management,6.133409392916288e-4,3.9180210816763686e-4,-0.6465640908977688
swing,3.31655158232676e-5,2.1178492333385777e-5,-0.6470840746989965
roots,2.609020578097051e-5,1.664024397623168e-5,-0.6488317369852638
com,4.510510151964394e-5,2.8742239595309267e-5,-0.6501181347886299
resident,5.4656770076745e-4,3.4793237404848057e-4,-0.6515932832207191
speed,1.892645436314471e-4,1.1950720673839116e-4,-0.6633065444847638
arietta,2.1668137004534833e-5,1.3614745071462284e-5,-0.6704051489336157
get,2.626708853202794e-4,1.6488969030993211e-4,-0.6717551022845591
cut,1.932444055302392e-4,1.2101995619077586e-4,-0.6751816808739559
team,3.7012715658766643e-4,2.3145066621485882e-4,-0.677316276118412
signage,9.463227181572355e-5,5.899722864300323e-5,-0.6816850737996184
previous,2.432137827039624e-5,1.5127494523846983e-5,-0.6850519248980171
queue,2.432137827039624e-5,1.5127494523846983e-5,-0.6850519248980171
compliance,9.507447869336712e-5,5.899722864300323e-5,-0.6884109369879319
making,5.6160273460733134e-5,3.479323740484806e-5,-0.6907430369758726
job,9.772771995922853e-5,6.050997809538793e-5,-0.691594770764789
emailed,4.156744649849539e-5,2.571674069053987e-5,-0.692746316688018
caused,1.6140551033990233e-4,9.984146385739009e-5,-0.692978840669646
resolve,1.0038096122508993e-4,6.202272754777262e-5,-0.6946167889335513
another,6.63310316465352e-5,4.084423521438685e-5,-0.6995514945931323
pressure,1.2293351198491191e-4,7.563747261923491e-5,-0.7007051892095029
replace,3.1971557253629966e-4,1.9665742881001076e-4,-0.7011043301833834
delayed,3.4492136456198305e-5,2.1178492333385777e-5,-0.703667603065364
playground,3.4492136456198305e-5,2.1178492333385777e-5,-0.703667603065364
painted,8.136606548641651e-5,4.9920731928695044e-5,-0.7047881429592792
move,5.439144595015886e-5,3.328048795246336e-5,-0.7087031929626625
intersections,2.4763585148039807e-5,1.5127494523846983e-5,-0.7110471334309616
conditions,4.2451860253782526e-5,2.571674069053987e-5,-0.7231199657315367
cabinet,4.9969377173723185e-5,3.0254989047693966e-5,-0.7238711737885452
yet,4.9969377173723185e-5,3.0254989047693966e-5,-0.7238711737885452
bringing,1.5256137278703096e-4,9.22777165954666e-5,-0.7253355203633649
referred,0.001092250987779613,6.580460117873437e-4,-0.7310440419966693
asap,3.272330894562403e-5,1.9665742881001078e-5,-0.7346339537485774
main,3.272330894562403e-5,1.9665742881001078e-5,-0.7346339537485774
find,1.4106399396829819e-4,8.471396933354311e-5,-0.735677997967985
manner,2.5205792025683374e-5,1.5127494523846983e-5,-0.736582225538099
determined,5.306482531722816e-5,3.1767738500078665e-5,-0.7401934790904781
ice,2.582488165438437e-4,1.5430044414323923e-4,-0.7430195231692414
corner,2.7859033291544782e-5,1.664024397623168e-5,-0.743468611123339
business,7.87128242205551e-5,4.6895233023925646e-5,-0.7471574268402424
type,8.136606548641651e-5,4.840798247631034e-5,-0.7491822623177329
incumbent,2.0341516371604127e-5,1.2101995619077585e-5,-0.7491822623177329
metal,2.0341516371604127e-5,1.2101995619077585e-5,-0.7491822623177329
tried,2.0341516371604127e-5,1.2101995619077585e-5,-0.7491822623177329
sides,3.31655158232676e-5,1.9665742881001078e-5,-0.7539992786155086
employees,2.2994757637465535e-5,1.3614745071462284e-5,-0.7561350229594996
issue,0.001537553313566686,9.046241725260496e-4,-0.7652459837902427
spot,5.925572160423811e-5,3.479323740484806e-5,-0.7681475406614792
road,8.00394448534858e-5,4.6895233023925646e-5,-0.77126988295705
make,3.0910260747285404e-4,1.800171848337791e-4,-0.7799511883282129
person,4.42206877643568e-5,2.571674069053987e-5,-0.782013654785105
base,4.9527170296079615e-5,2.8742239595309267e-5,-0.7850477148747385
salt,5.483365282780243e-5,3.1767738500078665e-5,-0.7874991938688347
program,1.2602896012841688e-4,7.261197371446552e-5,-0.7954759145916678
task,5.5275859705446e-5,3.1767738500078665e-5,-0.7990871681440466
units,6.058234223716882e-5,3.479323740484806e-5,-0.8000904331642337
feel,2.9362536675532917e-4,1.679151892147015e-4,-0.8062438712575387
attention,1.6671199287162514e-4,9.530321550023599e-5,-0.8067610960294676
create,2.387917139275267e-5,1.3614745071462284e-5,-0.810582806981876
proof,2.387917139275267e-5,1.3614745071462284e-5,-0.810582806981876
contacted,9.595889244865425e-5,5.445898028584914e-5,-0.8172465372628868
signs,2.883188842236063e-4,1.6186419140516272e-4,-0.8328814740906504
provide,1.2735558076134757e-4,7.109922426208082e-5,-0.8409564560253945
come,6.235116974774308e-5,3.479323740484806e-5,-0.8416097026025002
causing,3.802979147734685e-5,2.1178492333385777e-5,-0.8445301389052138
going,1.4150620084594175e-4,7.866297152400431e-5,-0.8471086830069898
law,3.537655021148544e-5,1.9665742881001078e-5,-0.8471086830069898
looks,3.272330894562403e-5,1.815299342861638e-5,-0.8501111711685134
spoken,3.0070067679762624e-5,1.664024397623168e-5,-0.85365152887376206
update,6.854206603475303e-5,3.7818736309617454e-5,-0.8578885217602328
ft,3.051227455740619e-5,1.664024397623168e-5,-0.8747131444015914
sewer,5.8371307848950976e-5,3.1767738500078665e-5,-0.877697002840413
allow,1.945710261631699e-5,1.0589246166692888e-5,-0.877697002840413
damage,5.925572160423811e-5,3.1767738500078665e-5,-0.8993920739397319
given,1.0480303000152562e-4,5.597172973823383e-5,-0.9049101895300293
remove,5.912305954094504e-4,3.1465188609601725e-4,-0.9099643382129804
equipment,4.55473083972875e-5,2.420399123815517e-5,-0.9121208334439382
place,1.2823999451663472e-4,6.807372535731142e-5,-0.9136762999459798
ramps,3.139668831269333e-5,1.664024397623168e-5,-0.9159358071281047
several,6.854206603475303e-5,3.630598685723276e-5,-0.916782210813801
thanks,2.0960606000305123e-4,1.1043071002408297e-4,-0.9245389962789617
behind,4.598951527493107e-5,2.420399123815517e-5,-0.926060024401812
n,3.4492136456198305e-5,1.815299342861638e-5,-0.926060024401812
snow,3.108714349834283e-4,1.633769408575474e-4,-0.9281136831697865
added,1.671541997492687e-4,8.77394682383125e-5,-0.9298817353542205
grass,4.3336274009069666e-5,2.2691241785770472e-5,-0.9334395547674097
humps,1.3310427017071397e-4,6.958647480969613e-5,-0.9356780269634091
eversource,1.6538537223869442e-4,8.62267187859278e-5,-0.9396247519836146
able,8.71147548957829e-5,4.5382483571540944e-5,-0.9407815301085776
came,3.4934343333841874e-5,1.815299342861638e-5,-0.9444385537166667
discuss,3.4934343333841874e-5,1.815299342861638e-5,-0.9444385537166667
picture,2.0695281873718983e-4,1.0740521111931358e-4,-0.9462379063394423
continue,2.127015081465562e-4,1.0891796057169827e-4,-0.9655883885884493
paint,2.127015081465562e-4,1.0891796057169827e-4,-0.9655883885884493
tag,1.242601326178426e-4,6.353547700015733e-5,-0.9677292037028854
permit,4.660860490363207e-4,2.3750166402439763e-4,-0.9726587090063075
reset,4.156744649849539e-5,2.1178492333385777e-5,-0.9728542358807531
can,7.225660380695901e-4,3.675981169294817e-4,-0.9750000708006225
droppings,3.272330894562403e-5,1.664024397623168e-5,-0.9756420532523725
amount,3.581875708912901e-5,1.815299342861638e-5,-0.9805078084241885
secure,3.581875708912901e-5,1.815299342861638e-5,-0.9805078084241885
discontinued,2.387917139275267e-5,1.2101995619077585e-5,-0.9805078084241885
weed,2.387917139275267e-5,1.2101995619077585e-5,-0.9805078084241885
homeowner,3.891420523263398e-5,1.9665742881001078e-5,-0.9846122067569247
block,2.6974619536257646e-5,1.3614745071462284e-5,-0.9864326423812936
plan,5.439144595015886e-5,2.722949014292457e-5,-0.9982098101576472
container,2.1225930126891263e-5,1.0589246166692888e-5,-1.0032278849242717
mayor,2.1225930126891263e-5,1.0589246166692888e-5,-1.0032278849242717
bpw,2.3967612768281384e-4,1.1950720673839116e-4,-1.0039885994374884
already,5.377235632145786e-4,2.677566530720916e-4,-1.0059422696213078
unfortunately,9.419006493807998e-5,4.6895233023925646e-5,-1.006133616099683
weekend,2.432137827039624e-5,1.2101995619077585e-5,-1.0069800197853798
process,3.621674327900822e-4,1.800171848337791e-4,-1.0085221845937848
friday,2.40560541438101e-4,1.1950720673839116e-4,-1.0093023993339565
previously,5.483365282780243e-5,2.722949014292457e-5,-1.0098916152052826
responded,1.0701406438974346e-4,5.2946230833464435e-5,-1.015200526590348
stop,3.6703170844416144e-4,1.8152993428616378e-4,-1.0156972368864885
massachusetts,3.979861898792112e-5,1.9665742881001078e-5,-1.0170336844493024
items,8.888358240635716e-5,4.386973411915625e-5,-1.018691002312076
pic,1.7511392354685291e-4,8.62267187859278e-5,-1.0220869121755876
multiple,2.1049047375833836e-4,1.0286696276215948e-4,-1.0329752283183238
safer,7.119530730061445e-5,3.479323740484806e-5,-1.0329752283183238
away,4.9527170296079615e-5,2.420399123815517e-5,-1.032975228318324
enough,3.192733656586561e-4,1.5581319359562391e-4,-1.0349748059646726
holes,9.684330620394139e-5,4.6895233023925646e-5,-1.046211055475018
dept,5.969792848188168e-5,2.8742239595309267e-5,-1.0545083898679652
home,5.969792848188168e-5,2.8742239595309267e-5,-1.0545083898679652
existing,0.0024922779623991493,0.0011996103157410657,-1.054899146866378
lane,4.731613590786177e-5,2.2691241785770472e-5,-1.0601966970533483
top,4.731613590786177e-5,2.2691241785770472e-5,-1.0601966970533483
resolved,0.05089403175487588,0.02438400842298895,-1.0615611778546699
different,2.21103438821784e-5,1.0589246166692888e-5,-1.0621215739778405
permanent,2.21103438821784e-5,1.0589246166692888e-5,-1.0621215739778405
order,2.3436964515109103e-4,1.1194345947646767e-4,-1.0660154900823315
three,1.2072247759669406e-4,5.7484479190618535e-5,-1.0704499337369868
constant,2.8743447046831918e-5,1.3614745071462284e-5,-1.0780631178468618
summer,4.156744649849539e-5,1.9665742881001078e-5,-1.079769439797265
monday,2.4011833456045743e-4,1.1345620892885237e-4,-1.0816100035692005
correct,1.0259199561330777e-4,4.840798247631034e-5,-1.0836013013882921
shelter,3.537655021148544e-5,1.664024397623168e-5,-1.0881167825107847
services,9.021020303928788e-5,4.2356984666771553e-5,-1.0906907261746113
west,2.255255075982197e-5,1.0589246166692888e-5,-1.0906907261746113
cause,1.1010951253324843e-4,5.143348138107974e-5,-1.0981593970784613
water,1.6848082038219942e-4,7.866297152400431e-5,-1.0988277756129499
due,3.117558487387154e-4,1.4522394742893103e-4,-1.1021372528257194
cat,4.55473083972875e-5,2.1178492333385777e-5,-1.104765911386334
informed,3.272330894562403e-5,1.5127494523846983e-5,-1.1131455770023073
underground,2.2994757637465535e-5,1.0589246166692888e-5,-1.1187051023442078
park,4.7050811781275637e-4,2.1632317169101184e-4,-1.1210314049835202
better,2.4365598958160596e-4,1.1194345947646767e-4,-1.1220754492029277
completed,7.955301728807788e-4,3.6457261802471226e-4,-1.1257104412822405
specific,6.942647979004017e-5,3.1767738500078665e-5,-1.1279236323735864
housing,9.286344430514928e-5,4.2356984666771553e-5,-1.1325109018692383
within,6.63310316465352e-5,3.0254989047693966e-5,-1.1325109018692383
shut,2.653241265861408e-5,1.2101995619077585e-5,-1.1325109018692383
seen,2.3436964515109105e-5,1.0589246166692888e-5,-1.1461858387663149
utilities,2.3436964515109105e-5,1.0589246166692888e-5,-1.1461858387663149
gone,4.0240825865564684e-5,1.815299342861638e-5,-1.1484524457382597
information,9.321720980726414e-4,4.190315983105614e-4,-1.153537291848746
end,7.075310042297087e-5,3.1767738500078665e-5,-1.1552309783693218
made,8.105652067206601e-4,3.615471191199429e-4,-1.164744568819857
removing,3.4049929578554735e-5,1.5127494523846983e-5,-1.1704787520682587
number,3.205999862915868e-4,1.4219844852416164e-4,-1.1728686394853791
concerns,2.1889240443356616e-4,9.681596495262068e-5,-1.176905021227692
box,2.1933461131120973e-4,9.681596495262068e-5,-1.1798166166475952
unit,4.1125239620851824e-5,1.815299342861638e-5,-1.1798166166475952
driveways,2.7416826413901216e-5,1.2101995619077585e-5,-1.1798166166475952
schools,2.0783723249247697e-5,9.07649671430819e-6,-1.1952466572172011
inspections,1.286822013942783e-4,5.597172973823383e-5,-1.201042283540054
please,0.0032219193105110363,0.0013977804940034611,-1.2047825445874445
reaching,8.401930675227791e-5,3.630598685723276e-5,-1.2105134138705114
permits,1.0878289190031772e-4,4.6895233023925646e-5,-1.2139385012130846
dial,2.7814812603780425e-4,1.1950720673839116e-4,-1.2187557649629062
cleared,1.6582757911633798e-4,7.109922426208082e-5,-1.2217782399663255
duplicate,0.0032935568246892943,0.0014083697401701541,-1.2256203062607196
complaints,3.891420523263398e-5,1.664024397623168e-5,-1.2256203062607198
condition,2.8301240169188352e-5,1.2101995619077585e-5,-1.2256203062607198
beacon,2.4763585148039807e-5,1.0589246166692888e-5,-1.2256203062607198
improvements,2.4763585148039807e-5,1.0589246166692888e-5,-1.2256203062607198
onsite,2.1225930126891263e-5,9.07649671430819e-6,-1.2256203062607198
situation,1.1718482257554551e-4,4.9920731928695044e-5,-1.2310747363528278
available,8.180827236406008e-5,3.479323740484806e-5,-1.233439810720019
sincerely,3.236954344350918e-4,1.3766020016700754e-4,-1.233525504346066
washington,3.935641211027755e-5,1.664024397623168e-5,-1.2419221185898204
walking,3.581875708912901e-5,1.5127494523846983e-5,-1.2435422142579822
wipe,3.228110206798046e-5,1.3614745071462284e-5,-1.2455198636984246
check,1.1851144320847622e-4,4.9920731928695044e-5,-1.2473153773600387
glass,2.98931849287052e-4,1.2555820454792995e-4,-1.2514603111959797
located,1.3000882202720898e-4,5.445898028584914e-5,-1.2553676496547717
sidewalks,8.667254801813933e-5,3.630598685723276e-5,-1.2553676496547719
accordingly,4.3336274009069666e-5,1.815299342861638e-5,-1.2553676496547719
created,7.959723797584224e-5,3.328048795246336e-5,-1.2580417839530973
regards,3.626096396677258e-5,1.5127494523846983e-5,-1.2612442159914412
crew,3.5288108835956726e-4,1.4673669688131574e-4,-1.265952400295938
button,5.8371307848950976e-5,2.420399123815517e-5,-1.2700144256191732
detail,2.9185653924475488e-5,1.2101995619077585e-5,-1.2700144256191732
hanging,2.9185653924475488e-5,1.2101995619077585e-5,-1.2700144256191732
years,7.694399670998082e-5,3.1767738500078665e-5,-1.2762463793306875
website,5.129599780665389e-5,2.1178492333385777e-5,-1.2762463793306877
goes,2.5647998903326944e-5,1.0589246166692888e-5,-1.2762463793306877
ped,2.5647998903326944e-5,1.0589246166692888e-5,-1.2762463793306877
state,1.4725489025530815e-4,6.050997809538793e-5,-1.2830705784446197
garbage,3.31655158232676e-5,1.3614745071462284e-5,-1.2845139953142883
couple,2.21103438821784e-5,9.07649671430819e-6,-1.2845139953142883
look,2.2287226633235826e-4,9.076496714308189e-5,-1.296009634152118
assigned,4.466289464200037e-5,1.815299342861638e-5,-1.2988692882913584
spoke,3.020272974305569e-4,1.2253270564316056e-4,-1.3015120716661854
present,5.969792848188168e-5,2.420399123815517e-5,-1.3024359033115507
buttons,3.3607722700911165e-5,1.3614745071462284e-5,-1.3036228182619929
public,5.005781854925189e-4,2.0270842661954957e-4,-1.3041893586348297
email,2.803591604260221e-4,1.1345620892885237e-4,-1.3051406459042463
approximately,4.864275654079248e-5,1.9665742881001078e-5,-1.3065403016442874
rd,1.0480303000152562e-4,4.2356984666771553e-5,-1.3070086331013748
request,0.0026293620944686552,0.0010619501155740582,-1.3079968338638033
rest,3.0070067679762624e-5,1.2101995619077585e-5,-1.3130831475110594
door,2.9495198738825986e-4,1.1799445728600646e-4,-1.3217610385830567
april,3.4049929578554735e-5,1.3614745071462284e-5,-1.322481845513309
heavy,3.4049929578554735e-5,1.3614745071462284e-5,-1.322481845513309
proper,8.71147548957829e-5,3.479323740484806e-5,-1.324110169660083
installation,2.2994757637465535e-5,9.07649671430819e-6,-1.341097523680656
needed,2.914143323671113e-4,1.1496895838123707e-4,-1.3418274478251861
crm,8.490372050756505e-5,3.328048795246336e-5,-1.3511511883445788
alerted,4.643172215257464e-5,1.815299342861638e-5,-1.3549033232056864
constituents,3.4934343333841874e-5,1.3614745071462284e-5,-1.3594760529955106
posting,3.4934343333841874e-5,1.3614745071462284e-5,-1.3594760529955106
submit,3.418259164184781e-4,1.3312195180985344e-4,-1.3605132915482703
moving,7.782841046526796e-5,3.0254989047693966e-5,-1.3631238300106545
intersection,3.8604660418283486e-4,1.4976219578608513e-4,-1.3661015298105503
slated,2.3436964515109105e-5,9.07649671430819e-6,-1.368578260102763
passage,8.667254801813933e-5,3.328048795246336e-5,-1.3808985317386309
couldn,2.7859033291544782e-5,1.0589246166692888e-5,-1.395545307703032
weather,2.7859033291544782e-5,1.0589246166692888e-5,-1.395545307703032
lot,1.0347640936859491e-4,3.9331485762002156e-5,-1.3955453077030322
helpline,2.387917139275267e-5,9.07649671430819e-6,-1.3955453077030322
rect,1.989930949396056e-5,7.5637472619234916e-6,-1.3955453077030322
roxbury,1.989930949396056e-5,7.5637472619234916e-6,-1.3955453077030322
week,1.9987750869489274e-4,7.563747261923491e-5,-1.4019430789011829
system,1.3619971831421894e-4,5.143348138107974e-5,-1.4049440057052818
inside,9.640109932629782e-5,3.630598685723276e-5,-1.40884213031649
back,5.717734927931334e-4,2.1481042223862716e-4,-1.412379746566292
north,3.228110206798046e-5,1.2101995619077585e-5,-1.415444865140737
org,3.228110206798046e-5,1.2101995619077585e-5,-1.415444865140737
damaged,9.286344430514928e-5,3.479323740484806e-5,-1.4163038678698296
areas,8.490372050756505e-5,3.1767738500078665e-5,-1.4182653842031157
insufficient,2.8301240169188352e-5,1.0589246166692888e-5,-1.4182653842031157
posted,1.6228992409518945e-4,6.050997809538793e-5,-1.4233284642165702
ensure,1.0568744375681276e-4,3.9331485762002156e-5,-1.4260473961003763
ms,2.0341516371604127e-5,7.5637472619234916e-6,-1.4272541674303703
submitted,2.2419888696528897e-4,8.32012198811584e-5,-1.4301025297394008
belong,3.6703170844416147e-5,1.3614745071462284e-5,-1.4307347361653324
leg,2.4763585148039807e-5,9.07649671430819e-6,-1.448012727597168
flag,2.0783723249247697e-5,7.5637472619234916e-6,-1.4582810630509948
installing,2.0783723249247697e-5,7.5637472619234916e-6,-1.4582810630509948
include,7.915503109819867e-5,2.8742239595309267e-5,-1.4615085700813908
map,7.915503109819867e-5,2.8742239595309267e-5,-1.4615085700813908
night,8.357709987463435e-5,3.0254989047693966e-5,-1.46593463559443
later,2.5205792025683374e-5,9.07649671430819e-6,-1.4735478197043053
want,3.802979147734685e-5,1.3614745071462284e-5,-1.4819600595205054
don,8.048165173112937e-5,2.8742239595309267e-5,-1.4854874330158305
works,3.351928132538245e-4,1.1950720673839116e-4,-1.4878935962547086
name,2.1225930126891263e-5,7.5637472619234916e-6,-1.4886547120945135
inspection,0.00201027246576766,7.155304909779623e-4,-1.4903059017391724
two,1.795359923232886e-4,6.353547700015733e-5,-1.4986388006671356
accurate,2.5647998903326944e-5,9.07649671430819e-6,-1.4986388006671358
ended,2.5647998903326944e-5,9.07649671430819e-6,-1.4986388006671358
treating,2.5647998903326944e-5,9.07649671430819e-6,-1.4986388006671358
told,3.4492136456198305e-5,1.2101995619077585e-5,-1.5110225251229683
legal,2.609020578097051e-5,9.07649671430819e-6,-1.5233008549014049
yesterday,1.0480303000152562e-4,3.630598685723276e-5,-1.5294010544378227
normal,1.1806923633083265e-4,4.084423521438685e-5,-1.5314287357848053
cleaned,7.747464496315311e-4,2.677566530720916e-4,-1.5328018157788956
attached,1.932444055302392e-4,6.656097590492672e-5,-1.537678157124021
ill,2.21103438821784e-5,7.5637472619234916e-6,-1.547548401148082
still,1.8130481983386288e-4,6.202272754777262e-5,-1.5475484011480822
space,4.9084963418436045e-5,1.664024397623168e-5,-1.5606045539735285
inconvenience,4.4309129139885514e-4,1.4976219578608513e-4,-1.5649304793763186
lines,3.581875708912901e-5,1.2101995619077585e-5,-1.5654703091453446
catch,2.6974619536257646e-5,9.07649671430819e-6,-1.5713951431024498
constituent,4.7404577283390487e-4,1.588386925003933e-4,-1.5774639790523697
privately,3.183889519033689e-5,1.0589246166692888e-5,-1.5881903856454278
properly,3.3696164076439883e-4,1.1194345947646767e-4,-1.5898141281250924
understanding,7.782841046526796e-5,2.571674069053987e-5,-1.5975890836476776
tight,3.6703170844416147e-5,1.2101995619077585e-5,-1.6006597376076448
emergency,4.598951527493107e-5,1.5127494523846983e-5,-1.6041319295144496
e,1.932444055302392e-4,6.353547700015733e-5,-1.6047923529825578
access,1.8086261295621931e-4,5.899722864300323e-5,-1.6161751203402204
cars,7.429075544411942e-5,2.420399123815517e-5,-1.61793772903948
checking,2.7859033291544782e-5,9.07649671430819e-6,-1.61793772903948
violations,8.06585344821868e-4,2.571674069053987e-4,-1.6491193842877596
provided,1.7644054417978363e-4,5.597172973823383e-5,-1.6564118768541158
maintenance,1.339886839260011e-4,4.2356984666771553e-5,-1.6614393676760664
focus,2.8743447046831918e-5,9.07649671430819e-6,-1.6630256185680181
household,2.8743447046831918e-5,9.07649671430819e-6,-1.6630256185680181
ten,3.847199835499041e-5,1.2101995619077585e-5,-1.668563802109448
way,3.1131364186107185e-4,9.681596495262068e-5,-1.6850519248980171
also,3.0335391806348767e-4,9.379046604785129e-5,-1.693488762046657
company,1.8174702671150644e-4,5.597172973823383e-5,-1.699161524313453
hour,7.384854856647586e-5,2.2691241785770472e-5,-1.7024340031262537
anything,3.4492136456198305e-5,1.0589246166692888e-5,-1.7036676030653641
owned,6.411999725831736e-5,1.9665742881001078e-5,-1.7050896781345621
relating,8.446151362992149e-5,2.571674069053987e-5,-1.7155862930461292
context,3.979861898792112e-5,1.2101995619077585e-5,-1.7174734025903948
go,3.8604660418283486e-4,1.1648170783362177e-4,-1.7286716091952585
cooperation,9.065240991693144e-5,2.722949014292457e-5,-1.7351754043238536
one,4.1921212000610246e-4,1.2555820454792995e-4,-1.7393241238120543
invalid,0.0025824881654384372,7.730149701685808e-4,-1.740193479090478
morning,2.127015081465562e-4,6.353547700015733e-5,-1.7431959672520014
address,9.30403270562067e-4,2.768331497863998e-4,-1.7488394572689794
walkway,2.0341516371604127e-5,6.050997809538793e-6,-1.7491822623177329
served,3.581875708912901e-5,1.0589246166692888e-5,-1.7581153870877404
dec,0.004142151822887301,0.0012223015575268362,-1.760780173330422
protected,2.5647998903326944e-5,7.5637472619234916e-6,-1.7616732065009297
sorry,2.9760522865412124e-4,8.77394682383125e-5,-1.7621020057434646
eform,1.848424748550114e-4,5.445898028584914e-5,-1.76305443689929
bird,5.6602480338376704e-5,1.664024397623168e-5,-1.7661886876234227
apr,0.004210693888922055,0.0012313780542411443,-1.7737842355508109
needs,2.127015081465562e-4,6.202272754777262e-5,-1.7779613854126781
changed,1.6096330346225874e-4,4.6895233023925646e-5,-1.7792186360725408
limit,2.0783723249247697e-5,6.050997809538793e-6,-1.7802091579383572
officers,2.0783723249247697e-5,6.050997809538793e-6,-1.7802091579383572
ok,2.0783723249247697e-5,6.050997809538793e-6,-1.7802091579383572
thu,0.008339579505480048,0.0024249373721726714,-1.7820271546755382
small,5.218041156194102e-5,1.5127494523846983e-5,-1.7863352607351985
garden,3.139668831269333e-5,9.07649671430819e-6,-1.7904049250442458
south,5.262261843958459e-5,1.5127494523846983e-5,-1.798509974681301
parked,8.490372050756505e-5,2.420399123815517e-5,-1.810582806981876
cone,2.653241265861408e-5,7.5637472619234916e-6,-1.810582806981876
co,2.1225930126891263e-5,6.050997809538793e-6,-1.810582806981876
shop,2.1225930126891263e-5,6.050997809538793e-6,-1.810582806981876
line,1.5079254527645668e-4,4.2356984666771553e-5,-1.831893313227288
sure,8.623034114049575e-5,2.420399123815517e-5,-1.8329506200103307
event,2.6974619536257646e-5,7.5637472619234916e-6,-1.8344295489362437
failure,2.595754371767744e-4,7.261197371446552e-5,-1.8378744986496158
list,2.706306091178636e-4,7.563747261923491e-5,-1.8391519591786472
someone,4.3336274009069666e-5,1.2101995619077585e-5,-1.8403301503759282
long,2.1668137004534833e-5,6.050997809538793e-6,-1.8403301503759282
maintained,8.136606548641651e-5,2.2691241785770472e-5,-1.8422916667092142
inspector,0.0010453770587493948,2.9044789485786207e-4,-1.847672125717096
bus,4.9084963418436045e-5,1.3614745071462284e-5,-1.8501111711685134
exact,3.272330894562403e-5,9.07649671430819e-6,-1.8501111711685134
referring,3.272330894562403e-5,9.07649671430819e-6,-1.8501111711685134
around,3.343083994985374e-4,9.22777165954666e-5,-1.8571253929189062
requests,1.1541599506497125e-4,3.1767738500078665e-5,-1.861208880051844
live,3.31655158232676e-5,9.07649671430819e-6,-1.8694764960354446
replacement,9.419006493807998e-5,2.571674069053987e-5,-1.8728670852362188
error,4.377848088671323e-4,1.1950720673839116e-4,-1.873124273050589
via,6.146675599245596e-5,1.664024397623168e-5,-1.8851297603469301
phases,3.935641211027755e-5,1.0589246166692888e-5,-1.8939988151695135
car,1.0126537498037707e-4,2.722949014292457e-5,-1.8948990929153513
t,6.199740424562823e-4,1.664024397623168e-4,-1.8975312267466835
allowed,9.595889244865425e-5,2.571674069053987e-5,-1.8997086974548596
comfortable,3.4049929578554735e-5,9.07649671430819e-6,-1.907444346234465
vendor,3.4049929578554735e-5,9.07649671430819e-6,-1.907444346234465
charles,6.279337662538666e-5,1.664024397623168e-5,-1.9159358071281047
us,4.996937717372318e-4,1.3160920235746876e-4,-1.9247838677145412
rats,4.0240825865564684e-5,1.0589246166692888e-5,-1.9260600244018118
dorchester,2.8743447046831918e-5,7.5637472619234916e-6,-1.9260600244018118
noise,3.4492136456198305e-5,9.07649671430819e-6,-1.926060024401812
turned,3.4492136456198305e-5,9.07649671430819e-6,-1.926060024401812
spray,2.2994757637465535e-5,6.050997809538793e-6,-1.926060024401812
stations,3.4934343333841874e-5,9.07649671430819e-6,-1.9444385537166669
reface,2.9185653924475488e-5,7.5637472619234916e-6,-1.9480863307318108
whole,5.262261843958459e-5,1.3614745071462284e-5,-1.950513068126351
salted,3.1662012439279466e-4,8.16884704287737e-5,-1.9545485813615076
wed,0.009393358494904672,0.0024234246227202868,-1.9545938601387851
division,2.8787667734596275e-4,7.412472316685021e-5,-1.957424195311147
mar,0.0037857330795065857,9.742106473357456e-4,-1.9582670387310939
fri,0.007299508929262377,0.001869758323147487,-1.964947605025877
may,0.004942104064544516,0.001263145792741223,-1.9681042243087685
entire,4.156744649849539e-5,1.0589246166692888e-5,-1.972854235880753
mgl,2.387917139275267e-5,6.050997809538793e-6,-1.9805078084241885
service,0.0018298520596890843,4.6290133242971764e-4,-1.9829503934280777
resubmitted,8.97679961616443e-5,2.2691241785770472e-5,-1.9840656278373776
ave,1.6317433785047658e-4,4.084423521438685e-5,-1.998209810157647
treated,1.26913373883704e-4,3.1767738500078665e-5,-1.998209810157647
pics,5.439144595015886e-5,1.3614745071462284e-5,-1.998209810157647
secured,7.252192793354515e-5,1.815299342861638e-5,-1.9982098101576475
question,1.9412881928552634e-4,4.840798247631034e-5,-2.003697435796078
leaves,9.197903054986214e-5,2.2691241785770472e-5,-2.0191694287932935
owners,2.1491254253477404e-4,5.2946230833464435e-5,-2.0211497929215345
ada,3.095448143504976e-5,7.5637472619234916e-6,-2.032975228318324
ch,2.4763585148039807e-5,6.050997809538793e-6,-2.0329752283183242
clean,3.993128105121419e-4,9.681596495262068e-5,-2.044202483741578
shows,4.377848088671323e-5,1.0589246166692888e-5,-2.0476220042827253
listed,3.802979147734685e-5,9.07649671430819e-6,-2.0669225602416614
street,0.0017962443369881733,4.281080950248696e-4,-2.0689365877249903
patience,1.5875226907404092e-4,3.7818736309617454e-5,-2.069604150309047
est,0.016009215591330093,0.0038106158705570547,-2.0708065317930284
ways,3.183889519033689e-5,7.5637472619234916e-6,-2.0736172128156696
days,1.0834068502267416e-4,2.571674069053987e-5,-2.074795404012951
sanitation,7.650178983233726e-5,1.815299342861638e-5,-2.075286033176288
tenant,7.650178983233726e-5,1.815299342861638e-5,-2.075286033176288
contractors,1.7865157856800147e-4,4.2356984666771553e-5,-2.0764768669549105
parks,3.396148820302602e-4,8.017572097638901e-5,-2.082662352418677
incorrect,2.5647998903326944e-5,6.050997809538793e-6,-2.083601301388292
handled,8.357709987463435e-5,1.9665742881001078e-5,-2.0874230123407003
feb,0.0034514246800080484,8.108337064781983e-4,-2.0897140326682186
truck,1.0303420249095134e-4,2.420399123815517e-5,-2.089806450915
s,0.0010298998180318698,2.4052716292916702e-4,-2.0982322751872307
doesn,2.2066123194414041e-4,5.143348138107974e-5,-2.1010534703476407
tue,0.009955403436389646,0.002314506662148588,-2.1047750660945237
jan,0.004032042310354053,9.303409132165895e-4,-2.1156793998988825
vegetation,3.935641211027755e-5,9.07649671430819e-6,-2.1163912365059616
local,5.306482531722816e-5,1.2101995619077585e-5,-2.1325109018692383
stopping,3.979861898792112e-5,9.07649671430819e-6,-2.1325109018692383
start,3.31655158232676e-5,7.5637472619234916e-6,-2.1325109018692383
overflow,9.330565118279284e-5,2.1178492333385777e-5,-2.1393645729103006
info,1.6096330346225874e-4,3.630598685723276e-5,-2.14845244573826
side,1.419484077235853e-4,3.1767738500078665e-5,-2.1597323706042624
unable,4.1921212000610246e-4,9.379046604785129e-5,-2.160167244772104
owner,8.401930675227792e-4,1.8758093209570259e-4,-2.1632076990921547
large,1.0170758185802063e-4,2.2691241785770472e-5,-2.1642197615965766
control,5.310904600499251e-4,1.1799445728600646e-4,-2.1702385231041057
ask,4.775834278550534e-5,1.0589246166692888e-5,-2.173152886366584
longer,0.0027293008488161016,6.0207428204911e-4,-2.180518032287806
upon,6.257227318656487e-4,1.3766020016700754e-4,-2.184412003781268
earlier,6.898427291239661e-5,1.5127494523846983e-5,-2.1890944302356057
ready,4.9084963418436045e-5,1.0589246166692888e-5,-2.2126812505532216
reason,4.9084963418436045e-5,1.0589246166692888e-5,-2.2126812505532216
route,4.9084963418436045e-5,1.0589246166692888e-5,-2.2126812505532216
every,1.3354647704835753e-4,2.8742239595309267e-5,-2.2160975321422134
arrival,5.646981827508364e-4,1.2101995619077586e-4,-2.2222350210760813
year,1.2779778763899116e-4,2.722949014292457e-5,-2.2306209873190865
appreciate,4.2717184380368665e-4,9.076496714308189e-5,-2.2346090894879747
driveway,1.4592826962237743e-4,3.0254989047693966e-5,-2.270014425619173
jun,0.00496863647720313,0.001022618629812056,-2.280581779104934
removed,0.006258553939289418,0.0012858370345269934,-2.2831215471623967
setup,2.21103438821784e-5,4.538248357154095e-6,-2.2845139953142883
reported,9.374785806043641e-4,1.9211918045285669e-4,-2.2867841689391155
item,7.384854856647586e-5,1.5127494523846983e-5,-2.28739650384741
file,5.218041156194102e-5,1.0589246166692888e-5,-2.3009084335649566
marked,6.76576522794659e-5,1.3614745071462284e-5,-2.313083147511059
hearing,2.255255075982197e-5,4.538248357154095e-6,-2.313083147511059
didn,6.809985915710947e-5,1.3614745071462284e-5,-2.322481845513309
visit,4.6210618713752856e-4,9.22777165954666e-5,-2.3241701956660785
material,1.2204909822962476e-4,2.420399123815517e-5,-2.3341447630388887
edt,0.038877059854911925,0.0076847672181142674,-2.3388456522275827
zone,2.2994757637465535e-5,4.538248357154095e-6,-2.3410975236806557
time,0.005543505418139768,0.0010922051046217522,-2.343554743846129
residents,1.547724071752488e-4,3.0254989047693966e-5,-2.354903323205686
inspecting,3.095448143504976e-5,6.050997809538793e-6,-2.3549033232056864
station,3.095448143504976e-5,6.050997809538793e-6,-2.3549033232056864
contact,9.843525096345823e-4,1.9060643100047198e-4,-2.3685782601027627
sidewalk,0.0028655005671303206,5.536662995727996e-4,-2.3716985657486642
litter,1.0214978873566421e-4,1.9665742881001078e-5,-2.3769296295356854
regular,3.935641211027755e-5,7.5637472619234916e-6,-2.379425642339755
jul,0.005315326669275687,0.0010165676320025173,-2.3864521590805072
inspected,2.7814812603780425e-4,5.2946230833464435e-5,-2.3932534961950425
keep,1.3708413206950607e-4,2.571674069053987e-5,-2.414281870284618
saturday,5.6602480338376704e-5,1.0589246166692888e-5,-2.418265384203116
oct,0.004288964506264966,7.941934625019665e-4,-2.4330669865544765
leave,5.7929100971307406e-5,1.0589246166692888e-5,-2.451688385740566
property,0.00364997556807001,6.67122508501652e-4,-2.4518631837102336
cones,5.041158405136675e-5,9.07649671430819e-6,-2.4735478197043053
winter,3.3607722700911165e-5,6.050997809538793e-6,-2.4735478197043053
drop,2.5205792025683374e-5,4.538248357154095e-6,-2.4735478197043053
table,2.5205792025683374e-5,4.538248357154095e-6,-2.4735478197043053
abutters,5.085379092901032e-5,9.07649671430819e-6,-2.4861478564839388
aim,3.4049929578554735e-5,6.050997809538793e-6,-2.492406846955621
written,3.780868803852506e-4,6.656097590492672e-5,-2.5059692973966827
left,7.393698994200456e-4,1.3009645290508405e-4,-2.5067146836395047
caller,3.4492136456198305e-5,6.050997809538793e-6,-2.5110225251229683
called,2.4232936894867527e-4,4.2356984666771553e-5,-2.516297467163642
cleaning,2.348118520287346e-4,4.084423521438685e-5,-2.5233008549014047
avoid,2.609020578097051e-5,4.538248357154095e-6,-2.5233008549014047
requesting,3.4934343333841874e-5,6.050997809538793e-6,-2.529401054437823
sent,0.00196560957112566,3.403686267865571e-4,-2.5298068187608154
surrounding,3.537655021148544e-5,6.050997809538793e-6,-2.5475484011480822
dirt,2.653241265861408e-5,4.538248357154095e-6,-2.5475484011480822
shift,2.653241265861408e-5,4.538248357154095e-6,-2.5475484011480822
nothing,0.0010298998180318698,1.75478936476625e-4,-2.5531342353440136
running,1.6892302725984298e-4,2.8742239595309267e-5,-2.555121620852883
school,5.350703219487173e-5,9.07649671430819e-6,-2.559521042814158
using,1.879379229985164e-4,3.1767738500078665e-5,-2.5646219145070237
truly,3.581875708912901e-5,6.050997809538793e-6,-2.565470309145345
moved,3.440369508066959e-4,5.7484479190618535e-5,-2.5813191378033262
valid,3.626096396677258e-5,6.050997809538793e-6,-2.583172310878804
responsibility,3.179467450257254e-4,5.2946230833464435e-5,-2.5861852497550513
mechanically,8.225047924170365e-5,1.3614745071462284e-5,-2.594854115926439
aug,0.006351417383594567,0.0010437971221454417,-2.605237250512259
nov,0.003578780260769396,5.854340380728782e-4,-2.6118894302436657
alley,5.5718066583089564e-5,9.07649671430819e-6,-2.61793772903948
wide,2.7859033291544782e-5,4.538248357154095e-6,-2.61793772903948
east,4.687392903021821e-5,7.5637472619234916e-6,-2.6316126659365566
court,3.802979147734685e-5,6.050997809538793e-6,-2.651885060962818
monitor,2.98931849287052e-4,4.6895233023925646e-5,-2.672303432156029
double,2.9185653924475488e-5,4.538248357154095e-6,-2.685051924898017
phone,6.854206603475303e-5,1.0589246166692888e-5,-2.694389789477353
materials,5.704468721602027e-4,8.77394682383125e-5,-2.7007946614437643
contacting,0.0052728748090219045,8.062954581210442e-4,-2.7092092434927126
sticker,1.6936523413748654e-4,2.571674069053987e-5,-2.7193580469353376
november,3.0070067679762624e-5,4.538248357154095e-6,-2.728120646789903
sat,0.00536396942581648,8.002444603115054e-4,-2.744788324154567
returning,3.051227455740619e-5,4.538248357154095e-6,-2.7491822623177327
mon,0.009664431310900178,0.0014129079885273081,-2.774017324224089
wood,6.235116974774308e-5,9.07649671430819e-6,-2.7802091579383568
hand,3.042383318187748e-4,4.386973411915625e-5,-2.7939040658352456
carts,8.401930675227791e-5,1.2101995619077585e-5,-2.7954759145916674
scheduled,0.0011143613316617913,1.588386925003933e-4,-2.810582806981876
denied,2.1225930126891263e-5,3.0254989047693964e-6,-2.810582806981876
shade,2.1225930126891263e-5,3.0254989047693964e-6,-2.810582806981876
pest,4.576841183610929e-4,6.504822645254203e-5,-2.8147706039453095
refer,2.900877117341806e-4,4.084423521438685e-5,-2.828284808715335
house,1.9412881928552634e-4,2.722949014292457e-5,-2.8337724343537656
hydrant,1.4062178709065462e-4,1.9665742881001078e-5,-2.838063543403983
commercial,8.667254801813933e-5,1.2101995619077585e-5,-2.8403301503759284
emailing,2.1668137004534833e-5,3.0254989047693964e-6,-2.8403301503759284
raised,2.1668137004534833e-5,3.0254989047693964e-6,-2.8403301503759284
front,4.55473083972875e-4,6.353547700015733e-5,-2.84173150555254
area,0.0035310219179838904,4.901308225726422e-4,-2.8488469956746902
apon,1.9633985367374418e-4,2.722949014292457e-5,-2.8501111711685136
just,2.560377821556259e-4,3.479323740484806e-5,-2.8794778881929437
warrant,2.3436964515109103e-4,3.1767738500078665e-5,-2.8831514329325207
sweeper,1.7865157856800147e-4,2.420399123815517e-5,-2.8838317890125147
thursday,1.5654123468582308e-4,2.1178492333385777e-5,-2.8858709342861135
set,0.0010179602323354936,1.3766020016700754e-4,-2.886497784194254
individual,2.255255075982197e-5,3.0254989047693964e-6,-2.8980456482322157
illegal,2.056261981042591e-4,2.722949014292457e-5,-2.916782210813801
actual,5.7486894093663836e-5,7.5637472619234916e-6,-2.926060024401812
cancel,4.598951527493107e-5,6.050997809538793e-6,-2.9260600244018122
determine,1.1541599506497125e-4,1.5127494523846983e-5,-2.931598207943242
active,1.1585820194261481e-4,1.5127494523846983e-5,-2.9371152129108076
next,6.725966608958669e-4,8.77394682383125e-5,-2.9384437488576447
answer,6.986868666768375e-5,9.07649671430819e-6,-2.9444385537166666
biking,3.4934343333841874e-5,4.538248357154095e-6,-2.9444385537166666
rolling,3.4934343333841874e-5,4.538248357154095e-6,-2.9444385537166666
alleyway,7.031089354532731e-5,9.07649671430819e-6,-2.9535407608239193
responsible,1.2912440827192185e-4,1.664024397623168e-5,-2.95601324650344
said,4.713925315680435e-4,6.050997809538793e-5,-2.9616839341325334
sep,0.0060396615348558514,7.730149701685808e-4,-2.9658994438935573
brian,3.581875708912901e-5,4.538248357154095e-6,-2.9805078084241883
bed,2.387917139275267e-5,3.0254989047693964e-6,-2.9805078084241883
black,2.387917139275267e-5,3.0254989047693964e-6,-2.9805078084241883
hr,2.387917139275267e-5,3.0254989047693964e-6,-2.9805078084241883
scene,2.387917139275267e-5,3.0254989047693964e-6,-2.9805078084241883
vehicles,7.053199698414909e-4,8.925221769069719e-5,-2.9823179655511103
gave,3.626096396677258e-5,4.538248357154095e-6,-2.9982098101576473
collect,4.864275654079248e-5,6.050997809538793e-6,-3.0069800197853795
supervisor,7.340634168883229e-5,9.07649671430819e-6,-3.0156972368864885
pit,1.600788897069716e-4,1.9665742881001078e-5,-3.025026475202833
shoveled,1.6052109658461517e-4,1.9665742881001078e-5,-3.029006326115378
schedule,4.329205332130531e-4,5.2946230833464435e-5,-3.0315023389194486
application,1.1143613316617913e-4,1.3614745071462284e-5,-3.032975228318324
must,4.833321172644198e-4,5.899722864300323e-5,-3.034295773070376
cited,8.490372050756505e-4,1.0286696276215948e-4,-3.045048060618899
tickets,4.9969377173723185e-5,6.050997809538793e-6,-3.0457992686759074
ground,8.755696177342646e-5,1.0589246166692888e-5,-3.0476220042827253
residential,7.517516919940656e-5,9.07649671430819e-6,-3.0500487416772653
replanting,3.758758459970328e-5,4.538248357154095e-6,-3.0500487416772653
auto,3.847199835499041e-5,4.538248357154095e-6,-3.083601301388292
od,3.847199835499041e-5,4.538248357154095e-6,-3.083601301388292
sweeping,3.847199835499041e-5,4.538248357154095e-6,-3.083601301388292
chair,3.891420523263398e-5,4.538248357154095e-6,-3.100089424176861
mechanical,7.827061734291154e-5,9.07649671430819e-6,-3.108263355622561
test,2.609020578097051e-5,3.0254989047693964e-6,-3.108263355622561
day,9.454383044019484e-4,1.0891796057169827e-4,-3.117741442538898
pm,0.0011050749872312765,1.2707095400031466e-4,-3.1204380695686633
sweep,5.262261843958459e-5,6.050997809538793e-6,-3.1204380695686633
today,0.0011868832595953365,1.3614745071462283e-4,-3.123936166131229
monitored,2.653241265861408e-5,3.0254989047693964e-6,-3.1325109018692383
meet,8.048165173112937e-5,9.07649671430819e-6,-3.14845244573826
animal,4.988093579819447e-4,5.597172973823383e-5,-3.1557182930305636
dry,2.6974619536257646e-5,3.0254989047693964e-6,-3.1563576438236063
plates,2.6974619536257646e-5,3.0254989047693964e-6,-3.1563576438236063
adjacent,2.7416826413901216e-5,3.0254989047693964e-6,-3.179816616647595
clearance,2.7416826413901216e-5,3.0254989047693964e-6,-3.179816616647595
found,0.0062682824905975765,6.686352579540366e-4,-3.2287788615862416
empty,1.7024964789277367e-4,1.815299342861638e-5,-3.229372441121827
online,1.419484077235853e-4,1.5127494523846983e-5,-3.2301216984956604
squirrel,7.119530730061445e-5,7.5637472619234916e-6,-3.2346090894879747
poor,2.8743447046831918e-5,3.0254989047693964e-6,-3.2479881192891744
therefore,2.9185653924475488e-5,3.0254989047693964e-6,-3.2700144256191734
private,0.001378801044492645,1.4219844852416164e-4,-3.2774366672808672
form,1.7644054417978363e-4,1.815299342861638e-5,-3.2809027417619094
machine,3.0070067679762624e-5,3.0254989047693964e-6,-3.313083147511059
sofa,3.051227455740619e-5,3.0254989047693964e-6,-3.3341447630388887
rodent,5.187086674759053e-4,5.143348138107974e-5,-3.334144763038889
m,4.147900512296668e-4,4.084423521438685e-5,-3.344176916612628
blocking,1.5388799341996165e-4,1.5127494523846983e-5,-3.346635707222086
limbs,3.095448143504976e-5,3.0254989047693964e-6,-3.3549033232056864
refrigerator,3.095448143504976e-5,3.0254989047693964e-6,-3.3549033232056864
tuesday,1.724606822809915e-4,1.664024397623168e-5,-3.373519001373033
message,6.279337662538666e-5,6.050997809538793e-6,-3.3753674257654023
ic,4.731613590786177e-5,4.538248357154095e-6,-3.3821247919407105
activity,7.269881068460258e-4,6.958647480969613e-5,-3.3850529338853894
leaf,6.367779038067379e-5,6.050997809538793e-6,-3.395545307703032
share,3.9842839675685473e-4,3.7818736309617454e-5,-3.397147412299534
dr,1.118783400438227e-4,1.0589246166692888e-5,-3.401258958897426
put,5.284372187840638e-4,4.9920731928695044e-5,-3.4040210897703775
rear,2.0960606000305123e-4,1.9665742881001078e-5,-3.4139238370178866
timed,3.228110206798046e-5,3.0254989047693964e-6,-3.415444865140737
tire,3.228110206798046e-5,3.0254989047693964e-6,-3.415444865140737
serviced,0.0020518399122661556,1.9060643100047198e-4,-3.428249472775738
curbside,7.017823148203424e-4,6.353547700015733e-5,-3.4653892963171415
trucks,8.401930675227791e-5,7.5637472619234916e-6,-3.4735478197043053
crews,5.041158405136675e-5,4.538248357154095e-6,-3.4735478197043053
pits,5.085379092901032e-5,4.538248357154095e-6,-3.4861478564839388
late,8.534592738520863e-5,7.5637472619234916e-6,-3.496149248641438
bushes,3.4492136456198305e-5,3.0254989047693964e-6,-3.5110225251229683
build,8.755696177342646e-5,7.5637472619234916e-6,-3.533048831452967
hold,1.5786785531875377e-4,1.3614745071462284e-5,-3.5354755688475072
illegally,7.119530730061445e-5,6.050997809538793e-6,-3.556537184375337
https,4.6785487654689493e-4,3.9331485762002156e-5,-3.572304500233653
big,7.207972105590158e-5,6.050997809538793e-6,-3.574348460491797
barrel,6.748076952840848e-4,5.597172973823383e-5,-3.5917061874663005
failed,5.483365282780243e-5,4.538248357154095e-6,-3.594854115926439
care,5.315326669275688e-4,4.386973411915625e-5,-3.598860491844333
clear,0.0023109731425652864,1.9060643100047198e-4,-3.599831792080824
maintain,1.6538537223869442e-4,1.3614745071462284e-5,-3.602589764706044
dumpster,3.5022784709370583e-4,2.8742239595309267e-5,-3.607049412896744
emptied,4.06388120554439e-4,3.328048795246336e-5,-3.610109738912457
exposed,5.6160273460733134e-5,4.538248357154095e-6,-3.6293424923117295
moment,3.758758459970328e-5,3.0254989047693964e-6,-3.6350112423984218
code,0.004949179374586813,3.9785310597717564e-4,-3.6368815641331707
non,7.694399670998082e-5,6.050997809538793e-6,-3.668563802109448
wrong,2.3525405890637818e-4,1.815299342861638e-5,-3.6959402410407534
forestry,2.3702288641695243e-4,1.815299342861638e-5,-3.706746995997336
porch,9.993875434744637e-5,7.5637472619234916e-6,-3.7238711737885453
plowed,1.2249130510726832e-4,9.07649671430819e-6,-3.754399971588752
wednesday,1.6538537223869442e-4,1.2101995619077585e-5,-3.7725147661483565
branch,1.0436082312388204e-4,7.5637472619234916e-6,-3.7863352607351985
yard,7.331790031330358e-4,5.2946230833464435e-5,-3.791565580811504
christmas,4.2009653376138956e-5,3.0254989047693964e-6,-3.7954759145916674
require,8.490372050756505e-5,6.050997809538793e-6,-3.810582806981876
healthy,6.411999725831736e-5,4.538248357154095e-6,-3.8205668955544985
voicemail,4.2894067131426096e-5,3.0254989047693964e-6,-3.8255331484478474
debris,0.0018470981279171835,1.2858370345269934e-4,-3.844480798285811
cite,6.588882476889163e-5,4.538248357154095e-6,-3.859826326001725
swept,8.357709987463436e-4,5.7484479190618535e-5,-3.8618633119255694
canceled,2.21103438821784e-5,1.5127494523846982e-6,-3.8694764960354444
foreman,2.21103438821784e-5,1.5127494523846982e-6,-3.8694764960354444
violation,0.00871147548957829,5.929977853348017e-4,-3.8768184713766125
taking,3.785290872628942e-4,2.571674069053987e-5,-3.879624451411527
plastic,4.510510151964394e-5,3.0254989047693964e-6,-3.8980456482322157
awaiting,2.255255075982197e-5,1.5127494523846982e-6,-3.8980456482322157
bprd,2.9495198738825986e-4,1.9665742881001078e-5,-3.906723539304213
picked,0.0023569626578402174,1.5581319359562391e-4,-3.9190395967240397
gov,0.001856826679225342,1.2101995619077586e-4,-3.9395222842083744
ivan,2.387917139275267e-5,1.5127494523846982e-6,-3.9805078084241883
rabbit,7.207972105590158e-5,4.538248357154095e-6,-3.989385959770641
curb,3.1573571063750754e-4,1.9665742881001078e-5,-4.004960852148727
tires,4.864275654079248e-5,3.0254989047693964e-6,-4.00698001978538
mail,2.432137827039624e-5,1.5127494523846982e-6,-4.00698001978538
questions,9.993875434744636e-4,6.202272754777262e-5,-4.010175358945186
officer,8.565547219955912e-4,5.2946230833464435e-5,-4.0159455279190075
jb,2.463092308474674e-4,1.5127494523846983e-5,-4.025225728713389
recreation,2.4675143772511096e-4,1.5127494523846983e-5,-4.027813523202545
makes,4.9527170296079615e-5,3.0254989047693964e-6,-4.032975228318324
courtesy,2.4763585148039807e-5,1.5127494523846982e-6,-4.032975228318324
meets,2.4763585148039807e-5,1.5127494523846982e-6,-4.032975228318324
arborist,5.041158405136675e-5,3.0254989047693964e-6,-4.058510320425461
hire,5.041158405136675e-5,3.0254989047693964e-6,-4.058510320425461
putting,2.5205792025683374e-5,1.5127494523846982e-6,-4.058510320425461
occupant,7.694399670998082e-5,4.538248357154095e-6,-4.083601301388292
lagan,2.5647998903326944e-5,1.5127494523846982e-6,-4.083601301388292
waste,8.048165173112937e-4,4.6895233023925646e-5,-4.101146730959903
jl,2.6090205780970513e-4,1.5127494523846983e-5,-4.108263355622561
mfd,1.0436082312388204e-4,6.050997809538793e-6,-4.108263355622561
dead,0.0010723516782856523,6.202272754777262e-5,-4.1118373336044884
urban,4.983671511043012e-4,2.8742239595309267e-5,-4.115964592989355
inspect,1.5875226907404092e-4,9.07649671430819e-6,-4.128497839362615
barrels,0.0010197290598460678,5.7484479190618535e-5,-4.148869590468906
photos,3.8295115603932987e-4,2.1178492333385777e-5,-4.176488598929841
elm,2.7416826413901216e-5,1.5127494523846982e-6,-4.179816616647595
nguyen,1.3841075270243678e-4,7.5637472619234916e-6,-4.193711058305976
bulk,2.8301240169188352e-5,1.5127494523846982e-6,-4.22562030626072
rug,2.8301240169188352e-5,1.5127494523846982e-6,-4.22562030626072
citations,2.8787667734596275e-4,1.5127494523846983e-5,-4.250205944538993
sun,0.005089801161677468,2.601929058101681e-4,-4.289955764578215
zero,2.9627860802119054e-5,1.5127494523846982e-6,-4.291709496718492
reminder,1.7909378544564504e-4,9.07649671430819e-6,-4.302435903311551
jd,1.1939585696376336e-4,6.050997809538793e-6,-4.302435903311551
issued,0.011926319490047028,6.035870315014946e-4,-4.30444327116134
return,4.1921212000610246e-4,2.1178492333385777e-5,-4.307008633101375
bin,3.0070067679762624e-5,1.5127494523846982e-6,-4.313083147511059
requested,0.0011815767770636137,5.899722864300323e-5,-4.323922379872524
properties,9.197903054986214e-5,4.538248357154095e-6,-4.341097523680656
pick,0.0013646504244080508,6.656097590492672e-5,-4.357711034194158
abutting,1.5565682093053593e-4,7.5637472619234916e-6,-4.363123830010655
dumping,1.560990278081795e-4,7.5637472619234916e-6,-4.367216584644537
stored,4.7050811781275637e-4,2.2691241785770472e-5,-4.374012146153391
abatements,3.139668831269333e-5,1.5127494523846982e-6,-4.375367425765402
notice,2.516157133791902e-4,1.2101995619077585e-5,-4.377905148567302
belongs,2.5471116152269514e-4,1.2101995619077585e-5,-4.395545307703032
delivered,5.514319764215293e-4,2.571674069053987e-5,-4.422403214840051
oliveri,3.272330894562403e-5,1.5127494523846982e-6,-4.43507367188967
wilson,3.272330894562403e-5,1.5127494523846982e-6,-4.43507367188967
basket,6.63310316465352e-5,3.0254989047693964e-6,-4.4544389967566005
ownership,3.31655158232676e-5,1.5127494523846982e-6,-4.4544389967566005
voice,3.31655158232676e-5,1.5127494523846982e-6,-4.4544389967566005
bag,2.657663334637844e-4,1.2101995619077585e-5,-4.456841486971905
comm,2.21103438821784e-5,1e-6,-4.466649558451965
disregard,2.21103438821784e-5,1e-6,-4.466649558451965
matress,2.21103438821784e-5,1e-6,-4.466649558451965
ravo,2.21103438821784e-5,1e-6,-4.466649558451965
catherine,3.3607722700911165e-5,1.5127494523846982e-6,-4.473547819704305
holiday,6.76576522794659e-5,3.0254989047693964e-6,-4.483008148953372
abutter,2.255255075982197e-5,1e-6,-4.495218710648736
missed,2.255255075982197e-5,1e-6,-4.495218710648736
citation,0.004770527796018812,2.1027217388147306e-4,-4.503819039772816
suggestions,2.2994757637465535e-5,1e-6,-4.523233086818332
visiting,2.2994757637465535e-5,1e-6,-4.523233086818332
mat,3.4934343333841874e-5,1.5127494523846982e-6,-4.529401054437823
ce,1.768827510574272e-4,7.5637472619234916e-6,-4.547548401148082
bins,2.3436964515109105e-5,1e-6,-4.550713823240439
sb,2.387917139275267e-5,1e-6,-4.577680870840709
departments,2.2021902506649685e-4,9.07649671430819e-6,-4.600659737607645
ticket,0.002713381401220933,1.1043071002408297e-4,-4.618878514883636
fell,3.802979147734685e-5,1.5127494523846982e-6,-4.651885060962818
arrived,3.847199835499041e-5,1.5127494523846982e-6,-4.668563802109448
spring,5.032314267583804e-4,1.9665742881001078e-5,-4.67746543042621
mattress,0.0012134156722539507,4.6895233023925646e-5,-4.693488762046657
bags,4.307094988248352e-4,1.664024397623168e-5,-4.693966649705765
baiting,3.935641211027755e-5,1.5127494523846982e-6,-4.701353737227118
fridge,3.935641211027755e-5,1.5127494523846982e-6,-4.701353737227118
shmidj,2.609020578097051e-5,1e-6,-4.705436418039081
fall,5.142865986994695e-4,1.9665742881001078e-5,-4.7088159695928455
reminders,2.653241265861408e-5,1e-6,-4.729683964285758
toilet,2.653241265861408e-5,1e-6,-4.729683964285758
branches,8.180827236406008e-5,3.0254989047693964e-6,-4.757001766777032
pwd,9.892167852886616e-4,3.630598685723276e-5,-4.768007346598683
belly,8.269268611934721e-5,3.0254989047693964e-6,-4.7725147661483565
ronald,8.357709987463435e-5,3.0254989047693964e-6,-4.787862730481793
hc,2.5250012713447733e-4,9.07649671430819e-6,-4.798004740902407
hokey,4.2451860253782526e-5,1.5127494523846982e-6,-4.810582806981876
weeds,2.98931849287052e-4,1.0589246166692888e-5,-4.8191448204853
trees,7.38043278787115e-4,2.571674069053987e-5,-4.842925704372979
boscana,2.8743447046831918e-5,1e-6,-4.845161181705695
overloading,2.8743447046831918e-5,1e-6,-4.845161181705695
springs,2.8743447046831918e-5,1e-6,-4.845161181705695
plow,2.9185653924475488e-5,1e-6,-4.867187488035694
mattresses,2.2198785257707113e-4,7.5637472619234916e-6,-4.875235765324129
www,4.886385997961427e-4,1.664024397623168e-5,-4.876019341902217
trash,0.008632762665357735,2.934733937626315e-4,-4.878520706066605
shopping,8.932578928400074e-5,3.0254989047693964e-6,-4.883831789012515
blank,2.9627860802119054e-5,1e-6,-4.888882559135013
young,2.9627860802119054e-5,1e-6,-4.888882559135013
loose,0.0010042518191285428,3.328048795246336e-5,-4.91530067833031
oak,3.051227455740619e-5,1e-6,-4.93131782545541
placard,3.051227455740619e-5,1e-6,-4.93131782545541
santos,3.051227455740619e-5,1e-6,-4.93131782545541
rodents,4.1655887874024103e-4,1.3614745071462284e-5,-4.935278554431191
evidence,0.002608136164341764,8.471396933354311e-5,-4.944275491264853
processed,1.8705350924322925e-4,6.050997809538793e-6,-4.95013415938067
sh,1.8749571612087284e-4,6.050997809538793e-6,-4.953540760823919
mailbox,4.687392903021821e-5,1.5127494523846982e-6,-4.953540760823919
hung,1.4150620084594175e-4,4.538248357154095e-6,-4.962585900426926
overtime,3.139668831269333e-5,1e-6,-4.972540488181923
occupying,3.183889519033689e-5,1e-6,-4.992718370119553
rubbish,3.183889519033689e-5,1e-6,-4.992718370119553
yd,3.183889519033689e-5,1e-6,-4.992718370119553
hp,4.820054966314891e-5,1.5127494523846982e-6,-4.993804631037646
tv,1.450438558670903e-4,4.538248357154095e-6,-4.998209810157648
cubic,4.9084963418436045e-5,1.5127494523846982e-6,-5.020036172610826
noon,3.272330894562403e-5,1e-6,-5.03224673430619
eyes,3.9887060363449835e-4,1.2101995619077585e-5,-5.042603929516101
conlon,1.4990813152116955e-4,4.538248357154095e-6,-5.045799268675908
monitoring,5.514319764215293e-4,1.664024397623168e-5,-5.0504344374530925
dumped,2.0076192245017986e-4,6.050997809538793e-6,-5.052168793551635
pickup,6.889583153686789e-4,1.9665742881001078e-5,-5.130660106181296
baited,5.350703219487173e-5,1.5127494523846982e-6,-5.144483543535315
heat,5.439144595015886e-5,1.5127494523846982e-6,-5.16813481159996
grown,1.0966730565560486e-4,3.0254989047693964e-6,-5.179816616647595
collected,3.3607722700911165e-4,9.07649671430819e-6,-5.210513413870511
fyi,5.6160273460733134e-5,1.5127494523846982e-6,-5.2143049930328855
meeting,5.6160273460733134e-5,1.5127494523846982e-6,-5.2143049930328855
removal,0.003202904414772363,8.62267187859278e-5,-5.215101952059306
tote,3.758758459970328e-5,1e-6,-5.232184304814942
deliver,1.7378730291392223e-4,4.538248357154095e-6,-5.25904330779817
cardboard,3.935641211027755e-5,1e-6,-5.298526799643638
hanger,3.935641211027755e-5,1e-6,-5.298526799643638
seeing,3.590719846465772e-4,9.07649671430819e-6,-5.30599372272474
bait,1.8174702671150644e-4,4.538248357154095e-6,-5.323652389221246
matreses,4.0240825865564684e-5,1e-6,-5.330588008875936
motoring,4.0240825865564684e-5,1e-6,-5.330588008875936
stickers,9.131572023339679e-4,2.2691241785770472e-5,-5.330655776959009
appointment,1.2381792574019904e-4,3.0254989047693964e-6,-5.354903323205686
infront,6.190896287009952e-5,1.5127494523846982e-6,-5.354903323205686
handicap,4.156744649849539e-5,1e-6,-5.377382220354877
storage,8.972377547387994e-4,2.1178492333385777e-5,-5.404818533959775
rx,4.2451860253782526e-5,1e-6,-5.407755869398397
furniture,1.313354426601397e-4,3.0254989047693964e-6,-5.439939427061486
tagged,3.290019169668146e-4,7.5637472619234916e-6,-5.442851022481388
brendan,3.303285375997453e-4,7.5637472619234916e-6,-5.448656644162594
replant,4.377848088671323e-5,1e-6,-5.45214998875685
unregistered,4.42206877643568e-5,1e-6,-5.466649558451965
calling,2.0429957747132842e-4,4.538248357154095e-6,-5.492406846955621
calendar,4.55473083972875e-5,1e-6,-5.509293895860458
dup,6.986868666768375e-5,1.5127494523846982e-6,-5.529401054437823
recycle,4.214231543943203e-4,9.07649671430819e-6,-5.536990209449505
esd,7.119530730061445e-5,1.5127494523846982e-6,-5.556537184375337
rat,6.429688000937478e-4,1.3614745071462284e-5,-5.561506858738002
greatly,3.6128301903479507e-4,7.5637472619234916e-6,-5.5778844795190405
tree,0.008416965709067673,1.75478936476625e-4,-5.583930466890203
extra,3.634940534230129e-4,7.5637472619234916e-6,-5.586686795055041
abuts,4.9969377173723185e-5,1e-6,-5.642972331092428
mcardle,5.041158405136675e-5,1e-6,-5.655683382841982
nasir,5.085379092901032e-5,1e-6,-5.668283419621615
leading,2.334852313958039e-4,4.538248357154095e-6,-5.685051924898017
couch,8.00394448534858e-5,1.5127494523846982e-6,-5.725466193343925
diaz,8.00394448534858e-5,1.5127494523846982e-6,-5.725466193343925
ds,8.00394448534858e-5,1.5127494523846982e-6,-5.725466193343925
gregory,8.00394448534858e-5,1.5127494523846982e-6,-5.725466193343925
automatically,1.6317433785047658e-4,3.0254989047693964e-6,-5.753097312321116
success,5.394923907251529e-5,1e-6,-5.753530706240126
capitol,8.180827236406008e-5,1.5127494523846982e-6,-5.757001766777032
webster,5.439144595015886e-5,1e-6,-5.76530787401648
dpw,0.0020726236355154033,3.7818736309617454e-5,-5.77621319596502
alive,5.5275859705446e-5,1e-6,-5.788577653339328
aquino,8.401930675227791e-5,1.5127494523846982e-6,-5.795475914591668
pathfinder,1.6848082038219942e-4,3.0254989047693964e-6,-5.799267493754042
sewers,5.6160273460733134e-5,1e-6,-5.811478055449406
protocol,5.7044687216020273e-5,1e-6,-5.834020624100495
contaminated,5.969792848188168e-5,1e-6,-5.8996089657280715
sheehan,1.848424748550114e-4,3.0254989047693964e-6,-5.932979438341603
recycling,5.638137689955492e-4,9.07649671430819e-6,-5.9569393372857835
limb,9.595889244865425e-5,1.5127494523846982e-6,-5.987171538705199
placed,0.0019514589510410654,3.0254989047693966e-5,-6.011236243349344
collections,6.04939008616401e-4,9.07649671430819e-6,-6.058510320425461
book,1.0347640936859491e-4,1.5127494523846982e-6,-6.095985025844125
collection,0.0016012311039473597,2.2691241785770472e-5,-6.140902172128379
increasing,7.075310042297087e-5,1e-6,-6.144721463564602
mva,1.10551719410892e-4,1.5127494523846982e-6,-6.191404590922807
early,8.061431379442245e-4,1.0589246166692888e-5,-6.2503642302422495
canopy,7.73862035876244e-5,1e-6,-6.27400448050957
treat,7.73862035876244e-5,1e-6,-6.27400448050957
narrative,3.546499158701415e-4,4.538248357154095e-6,-6.288116231994484
ears,3.550921227477851e-4,4.538248357154095e-6,-6.289913983056878
cassidy,2.3923392080517028e-4,3.0254989047693964e-6,-6.305105090087535
ars,7.915503109819867e-5,1e-6,-6.306609145941496
planted,6.014013535952525e-4,7.5637472619234916e-6,-6.313083147511059
descriptive,3.6260963966772575e-4,4.538248357154095e-6,-6.3201379050450095
interest,8.313489299699079e-5,1e-6,-6.377382220354877
bostons,2.529423340121209e-4,3.0254989047693964e-6,-6.385491643039109
burrows,2.551533684003387e-4,3.0254989047693964e-6,-6.398047814906202
overloaded,6.398733519502429e-4,7.5637472619234916e-6,-6.402541417905082
forest,2.560377821556259e-4,3.0254989047693964e-6,-6.403039844249957
tomorrow,3.909108798369141e-4,4.538248357154095e-6,-6.428560364930996
overgrown,2.6753516097435863e-4,3.0254989047693964e-6,-6.466411638422676
eric,2.693039884849329e-4,3.0254989047693964e-6,-6.475918724167052
mcgevna,2.7151502287315075e-4,3.0254989047693964e-6,-6.4877151516308995
abatement,4.178854993731718e-4,4.538248357154095e-6,-6.5248283246479986
mcdonagh,9.463227181572355e-5,1e-6,-6.564260355078387
burrow,1.437172352341596e-4,1.5127494523846982e-6,-6.569916214176537
patrick,9.551668557101069e-5,1e-6,-6.577680870840709
landscaping,4.382270157447759e-4,4.538248357154095e-6,-6.593399052726052
dumpsters,1.4725489025530815e-4,1.5127494523846982e-6,-6.604998673331982
boxes,9.861213371451567e-5,1e-6,-6.623693268597545
loaded,9.861213371451567e-5,1e-6,-6.623693268597545
app,1.0214978873566421e-4,1e-6,-6.674542410093298
improperly,6.403155588278864e-4,6.050997809538793e-6,-6.725466193343925
scheduler,1.0657185751209988e-4,1e-6,-6.735682704907202
grounds,1.0834068502267416e-4,1e-6,-6.759431307679811
yardwaste,1.1276275379910983e-4,1e-6,-6.817146805536098
mi,1.1320496067675341e-4,1e-6,-6.822793368677241
warranty,5.346281150710736e-4,4.538248357154095e-6,-6.880256334788687
planting,1.2735558076134757e-4,1e-6,-6.992718370119553
dj,1.2779778763899116e-4,1e-6,-6.997719051177919
pruning,0.0015976934489262112,1.2101995619077585e-5,-7.044601845693164
caring,4.2761405068133027e-4,3.0254989047693964e-6,-7.1429923857375615
specifications,0.0015707188293899534,1.0589246166692888e-5,-7.212681250553222
improper,6.876316947357483e-4,4.538248357154095e-6,-7.243356670557529
ticketed,0.0016927679276195783,1.0589246166692888e-5,-7.320640498689142
tow,1.795359923232886e-4,1e-6,-7.488129285862416
northern,0.0014283282147887245,6.050997809538793e-6,-7.882938755842007
pruned,0.0018603643342464905,7.5637472619234916e-6,-7.942268314142146
fined,2.560377821556259e-4,1e-6,-8.000212906666476
violator,3.940063279804191e-4,1e-6,-8.622074990199163
violators,4.948294960831525e-4,1e-6,-8.950787689653634
